-- phpMyAdmin SQL Dump
-- version 3.5.2.2
-- http://www.phpmyadmin.net
--
-- Host: 127.0.0.1
-- Generation Time: Feb 26, 2013 at 06:02 AM
-- Server version: 5.5.27
-- PHP Version: 5.4.7

SET SQL_MODE="NO_AUTO_VALUE_ON_ZERO";
SET time_zone = "+00:00";


/*!40101 SET @OLD_CHARACTER_SET_CLIENT=@@CHARACTER_SET_CLIENT */;
/*!40101 SET @OLD_CHARACTER_SET_RESULTS=@@CHARACTER_SET_RESULTS */;
/*!40101 SET @OLD_COLLATION_CONNECTION=@@COLLATION_CONNECTION */;
/*!40101 SET NAMES utf8 */;

--
-- Database: `multi_dimentional_password`
--

-- --------------------------------------------------------

--
-- Table structure for table `tbl_logdetail`
--

CREATE TABLE IF NOT EXISTS `tbl_logdetail` (
  `logD_id` smallint(5) NOT NULL AUTO_INCREMENT,
  `logD_time` timestamp NOT NULL DEFAULT CURRENT_TIMESTAMP,
  `logD_action` varchar(60) COLLATE utf8mb4_unicode_ci NOT NULL,
  `logD_interaction` varchar(60) COLLATE utf8mb4_unicode_ci NOT NULL,
  `logD_input` text COLLATE utf8mb4_unicode_ci NOT NULL,
  `logD_status` varchar(60) COLLATE utf8mb4_unicode_ci NOT NULL,
  `logD_remark` text COLLATE utf8mb4_unicode_ci NOT NULL,
  `logH_id` smallint(5) NOT NULL,
  PRIMARY KEY (`logD_id`)
) ENGINE=InnoDB  DEFAULT CHARSET=utf8mb4 COLLATE=utf8mb4_unicode_ci AUTO_INCREMENT=1106 ;

--
-- Dumping data for table `tbl_logdetail`
--

INSERT INTO `tbl_logdetail` (`logD_id`, `logD_time`, `logD_action`, `logD_interaction`, `logD_input`, `logD_status`, `logD_remark`, `logH_id`) VALUES
(1, '2013-02-21 12:57:19', 'Ready', '-', '-', 'Ready', '>> Ready!!!', 1),
(2, '2013-02-21 12:57:35', '-', 'load instruction page', '-', '-', '>> User read instruction', 2),
(3, '2013-02-21 12:57:35', 'Start mode', '-', '-', 'registration', '>> User click registration', 1),
(4, '2013-02-21 12:57:38', '-', 'load registation form page', '-', '-', '>> User fill information', 2),
(5, '2013-02-21 12:58:18', 'Ready', '-', '-', 'Ready', '>> Ready!!!', 2),
(6, '2013-02-21 12:58:35', 'refrigerator', 'graphical_password', 'click', 'prompt_dialog', '>> Action: activate refrigerator(ID347) && Interaction: graphical password(pattern unlock)<br/>', 2),
(7, '2013-02-21 12:58:38', 'get user input', 'patternUnlock', '14789', '-', '>> You pattern is 14789', 2),
(8, '2013-02-21 12:58:41', 'get user input', 'patternUnlock', '14789', '-', '>> You input is 14789', 2),
(9, '2013-02-21 12:58:48', 'picture of SWU', 'graphical_password', 'click', 'prompt_dialog', '>> Action: activate picture of SWU(ID2) && Interaction: graphical password(passpoint)<br/>', 2),
(10, '2013-02-21 12:58:51', 'get user click', 'passPoint', '7_1', '-', '>> You click is 7_1', 2),
(11, '2013-02-21 12:58:54', 'get user input', 'passPoint', '7_1', '-', '>> You input is 7_1', 2),
(12, '2013-02-21 12:58:57', 'click', '', 'next', '-', '>> saveing first password scenario', 2),
(13, '2013-02-21 12:59:00', 'Ready', '-', '-', 'Ready', '>> Ready!!!', 2),
(14, '2013-02-21 12:59:17', 'refrigerator', 'graphical_password', 'click', 'prompt_dialog', '>> Action: activate refrigerator(ID347) && Interaction: graphical password(pattern unlock)<br/>', 2),
(15, '2013-02-21 12:59:20', 'get user input', 'patternUnlock', '14789', '-', '>> You pattern is 14789', 2),
(16, '2013-02-21 12:59:23', 'get user input', 'patternUnlock', '14789', '-', '>> You input is 14789', 2),
(17, '2013-02-21 12:59:26', 'picture of SWU', 'graphical_password', 'click', 'prompt_dialog', '>> Action: activate picture of SWU(ID23) && Interaction: graphical password(passpoint)<br/>', 2),
(18, '2013-02-21 12:59:29', 'get user click', 'passPoint', '7_1', '-', '>> You click is 7_1', 2),
(19, '2013-02-21 12:59:30', 'Ready', '-', '-', 'Ready', '>> Ready!!!', 3),
(20, '2013-02-21 12:59:32', 'get user input', 'passPoint', '7_1', '-', '>> You input is 7_1', 2),
(21, '2013-02-21 12:59:35', 'click', '', 'finish', '-', '>> finish', 2),
(22, '2013-02-21 12:59:38', 'vertify', '-', '[refrigerator]14789[pictureOfSWU]7_1', 'passwordData', '>> vertify password', 2),
(23, '2013-02-21 12:59:44', 'Ready', '-', '-', 'Ready', '>> Ready!!!', 4),
(24, '2013-02-21 13:00:25', 'Ready', '-', '-', 'Ready', '>> Ready!!!', 5),
(25, '2013-02-21 13:00:43', 'get user input', 'username', 'ad', '-', '>> You input username is ad', 5),
(26, '2013-02-21 13:00:46', 'get user input', 'username', 'admin', '-', '>> You input username is admin', 5),
(27, '2013-02-21 13:00:49', 'get user input', 'username', 'adminping', '-', '>> You input username is adminping', 5),
(28, '2013-02-21 13:00:52', 'refrigerator', 'graphical_password', 'click', 'prompt_dialog', '>> Action: activate refrigerator(ID347) && Interaction: graphical password(pattern unlock)<br/>', 5),
(29, '2013-02-21 13:00:55', 'get user input', 'patternUnlock', '14789', '-', '>> You pattern is 14789', 5),
(30, '2013-02-21 13:00:58', 'get user input', 'patternUnlock', '14789', '-', '>> You input is 14789', 5),
(31, '2013-02-21 13:01:01', 'picture of SWU', 'graphical_password', 'click', 'prompt_dialog', '>> Action: activate picture of SWU(ID2) && Interaction: graphical password(passpoint)<br/>', 5),
(32, '2013-02-21 13:01:04', 'get user click', 'passPoint', '7_1', '-', '>> You click is 7_1', 5),
(33, '2013-02-21 13:01:07', 'get user input', 'passPoint', '7_1', '-', '>> You input is 7_1', 5),
(34, '2013-02-21 13:01:11', 'vertify', '-', '[refrigerator]14789[pictureOfSWU]7_1', 'passwordData', '>> vertify username and password', 5),
(35, '2013-02-21 13:01:13', 'End mode', '-', 'user', 'passwordSuccess', '>> redirect to user page', 5),
(36, '2013-02-21 13:01:30', 'Ready', '-', '-', 'Ready', '>> Ready!!!', 6),
(37, '2013-02-21 13:01:54', 'get user input', 'username', 'ad', '-', '>> You input username is ad', 6),
(38, '2013-02-21 13:01:57', 'get user input', 'username', 'adminping', '-', '>> You input username is adminping', 6),
(39, '2013-02-21 13:02:01', 'refrigerator', 'graphical_password', 'click', 'prompt_dialog', '>> Action: activate refrigerator(ID347) && Interaction: graphical password(pattern unlock)<br/>', 6),
(40, '2013-02-21 13:02:04', 'get user input', 'patternUnlock', '14789', '-', '>> You pattern is 14789', 6),
(41, '2013-02-21 13:02:07', 'get user input', 'patternUnlock', '14789', '-', '>> You input is 14789', 6),
(42, '2013-02-21 13:02:10', 'picture of SWU', 'graphical_password', 'click', 'prompt_dialog', '>> Action: activate picture of SWU(ID23) && Interaction: graphical password(passpoint)<br/>', 6),
(43, '2013-02-21 13:02:13', 'get user click', 'passPoint', '7_1', '-', '>> You click is 7_1', 6),
(44, '2013-02-21 13:02:16', 'get user input', 'passPoint', '7_1', '-', '>> You input is 7_1', 6),
(45, '2013-02-21 13:02:20', 'vertify', '-', '[refrigerator]14789[pictureOfSWU]7_1', 'passwordData', '>> vertify username and password', 6),
(46, '2013-02-21 13:02:22', 'End mode', '-', 'admin', 'passwordSuccess', '>> redirect to admin page', 6),
(47, '2013-02-21 13:02:58', 'Ready', '-', '-', 'Ready', '>> Ready!!!', 7),
(48, '2013-02-21 13:05:13', 'Ready', '-', '-', 'Ready', '>> Ready!!!', 3),
(49, '2013-02-21 13:05:40', 'Ready', '-', '-', 'Ready', '>> Ready!!!', 3),
(50, '2013-02-21 13:05:59', 'click', '', 'reset', '-', '>> Reset user scenario', 3),
(51, '2013-02-21 13:06:02', 'Start mode', '-', '-', 'registration', '>> User click registration', 3),
(66, '2013-02-21 13:18:39', 'Ready', '-', '-', 'Ready', '>> Ready!!!', 9),
(67, '2013-02-21 13:18:57', 'Start mode', '-', '-', 'registration', '>> User click registration', 9),
(68, '2013-02-21 13:18:57', '-', 'load instruction page', '-', '-', '>> User read instruction', 10),
(69, '2013-02-21 13:19:00', '-', 'load registation form page', '-', '-', '>> User fill information', 10),
(70, '2013-02-21 13:20:39', 'Ready', '-', '-', 'Ready', '>> Ready!!!', 10),
(71, '2013-02-21 13:21:09', 'picture of SWU', 'graphical_password', 'click', 'prompt_dialog', '>> Action: activate picture of SWU(ID23) && Interaction: graphical password(passpoint)<br/>', 10),
(72, '2013-02-21 13:21:12', 'get user click', 'passPoint', '7_1', '-', '>> You click is 7_1', 10),
(73, '2013-02-21 13:21:15', 'get user input', 'passPoint', '7_1', '-', '>> You input is 7_1', 10),
(74, '2013-02-21 13:21:18', 'click', '', 'next', '-', '>> saveing first password scenario', 10),
(75, '2013-02-21 13:21:21', 'Ready', '-', '-', 'Ready', '>> Ready!!!', 10),
(76, '2013-02-21 13:21:40', 'picture of SWU', 'graphical_password', 'click', 'prompt_dialog', '>> Action: activate picture of SWU(ID23) && Interaction: graphical password(passpoint)<br/>', 10),
(77, '2013-02-21 13:21:43', 'get user click', 'passPoint', '7_1', '-', '>> You click is 7_1', 10),
(78, '2013-02-21 13:21:46', 'get user input', 'passPoint', '7_1', '-', '>> You input is 7_1', 10),
(79, '2013-02-21 13:21:49', 'click', '', 'finish', '-', '>> finish', 10),
(80, '2013-02-21 13:21:52', 'vertify', '-', '[pictureOfSWU]7_1', 'passwordData', '>> vertify password', 10),
(81, '2013-02-21 13:21:58', 'Ready', '-', '-', 'Ready', '>> Ready!!!', 11),
(82, '2013-02-21 13:22:40', 'get user input', 'username', 'nu', '-', '>> You input username is nu', 11),
(83, '2013-02-21 13:22:43', 'get user input', 'username', 'nun', '-', '>> You input username is nun', 11),
(84, '2013-02-21 13:22:46', 'get user input', 'username', 'nun', '-', '>> You input username is nun', 11),
(85, '2013-02-21 13:22:49', 'get user input', 'username', 'nunoo', '-', '>> You input username is nunoo', 11),
(86, '2013-02-21 13:22:52', 'picture of SWU', 'graphical_password', 'click', 'prompt_dialog', '>> Action: activate picture of SWU(ID23) && Interaction: graphical password(passpoint)<br/>', 11),
(87, '2013-02-21 13:22:55', 'get user click', 'passPoint', '7_1', '-', '>> You click is 7_1', 11),
(88, '2013-02-21 13:22:58', 'get user input', 'passPoint', '7_1', '-', '>> You input is 7_1', 11),
(89, '2013-02-21 13:23:02', 'vertify', '-', '[pictureOfSWU]7_1', 'passwordData', '>> vertify username and password', 11),
(90, '2013-02-21 13:23:04', 'End mode', '-', 'user', 'passwordSuccess', '>> redirect to user page', 11),
(91, '2013-02-21 13:23:16', 'Ready', '-', '-', 'Ready', '>> Ready!!!', 12),
(92, '2013-02-21 13:23:41', 'Start mode', '-', '-', 'forgot password', '>> User click forgot password', 12),
(93, '2013-02-21 13:24:01', '-', '-', '-', 'error', '>> Username & E-mail not found in database', 13),
(94, '2013-02-21 13:24:13', 'Ready', '-', '-', 'Ready', '>> Ready!!!', 13),
(95, '2013-02-21 13:24:36', 'refrigerator', 'graphical_password', 'click', 'prompt_dialog', '>> Action: activate refrigerator(ID347) && Interaction: graphical password(pattern unlock)<br/>', 13),
(96, '2013-02-21 13:24:39', 'get user input', 'patternUnlock', '258', '-', '>> You pattern is 258', 13),
(97, '2013-02-21 13:24:42', 'get user input', 'patternUnlock', '258', '-', '>> You input is 258', 13),
(98, '2013-02-21 13:24:45', 'click', '', 'next', '-', '>> saveing first password scenario', 13),
(99, '2013-02-21 13:24:49', 'Ready', '-', '-', 'Ready', '>> Ready!!!', 13),
(100, '2013-02-21 13:25:07', 'refrigerator', 'graphical_password', 'click', 'prompt_dialog', '>> Action: activate refrigerator(ID347) && Interaction: graphical password(pattern unlock)<br/>', 13),
(101, '2013-02-21 13:25:10', 'get user input', 'patternUnlock', '258', '-', '>> You pattern is 258', 13),
(102, '2013-02-21 13:25:13', 'get user input', 'patternUnlock', '258', '-', '>> You input is 258', 13),
(103, '2013-02-21 13:25:16', 'click', '', 'finish', '-', '>> finish', 13),
(104, '2013-02-21 13:25:19', 'vertify', '-', '[refrigerator]258', 'passwordData', '>> vertify password', 13),
(105, '2013-02-21 13:25:26', 'Ready', '-', '-', 'Ready', '>> Ready!!!', 14),
(106, '2013-02-21 13:25:45', 'get user input', 'username', 'nu', '-', '>> You input username is nu', 14),
(107, '2013-02-21 13:25:48', 'get user input', 'username', 'nunoo', '-', '>> You input username is nunoo', 14),
(108, '2013-02-21 13:26:32', 'Ready', '-', '-', 'Ready', '>> Ready!!!', 14),
(109, '2013-02-21 13:27:24', 'get user input', 'username', 'nunoo', '-', '>> You input username is nunoo', 14),
(110, '2013-02-21 13:27:29', 'refrigerator', 'graphical_password', 'click', 'prompt_dialog', '>> Action: activate refrigerator(ID347) && Interaction: graphical password(pattern unlock)<br/>', 14),
(111, '2013-02-21 13:27:32', 'get user input', 'patternUnlock', '258', '-', '>> You pattern is 258', 14),
(112, '2013-02-21 13:27:35', 'get user input', 'patternUnlock', '258', '-', '>> You input is 258', 14),
(113, '2013-02-21 13:27:39', 'vertify', '-', '[refrigerator]258', 'passwordData', '>> vertify username and password', 14),
(114, '2013-02-21 13:27:41', 'End mode', '-', 'user', 'passwordSuccess', '>> redirect to user page', 14),
(115, '2013-02-21 13:28:22', 'Ready', '-', '-', 'Ready', '>> Ready!!!', 15),
(116, '2013-02-21 13:28:57', 'Start mode', '-', '-', 'registration', '>> User click registration', 15),
(117, '2013-02-21 13:29:00', '-', 'load instruction page', '-', '-', '>> User read instruction', 16),
(119, '2013-02-21 13:30:07', '-', 'load registation form page', '-', '-', '>> User fill information', 16),
(124, '2013-02-21 13:31:05', 'Ready', '-', '-', 'Ready', '>> Ready!!!', 16),
(125, '2013-02-21 13:31:21', 'television', 'graphical_password', 'click', 'prompt_dialog', '>> Action: activate television(ID38) && Interaction: graphical password(passpoint)<br/>', 16),
(126, '2013-02-21 13:31:24', 'get user click', 'passPoint', '10_1', '-', '>> You click is 10_1', 16),
(128, '2013-02-21 13:31:27', 'get user input', 'passPoint', '10_1', '-', '>> You input is 10_1', 16),
(129, '2013-02-21 13:31:30', 'click', '', 'next', '-', '>> saveing first password scenario', 16),
(130, '2013-02-21 13:31:33', 'Ready', '-', '-', 'Ready', '>> Ready!!!', 16),
(131, '2013-02-21 13:31:51', 'television', 'graphical_password', 'click', 'prompt_dialog', '>> Action: activate television(ID38) && Interaction: graphical password(passpoint)<br/>', 16),
(132, '2013-02-21 13:31:54', 'get user click', 'passPoint', '10_1', '-', '>> You click is 10_1', 16),
(133, '2013-02-21 13:31:57', 'get user input', 'passPoint', '10_1', '-', '>> You input is 10_1', 16),
(134, '2013-02-21 13:32:00', 'click', '', 'finish', '-', '>> finish', 16),
(135, '2013-02-21 13:32:03', 'vertify', '-', '[television]10_1', 'passwordData', '>> vertify password', 16),
(136, '2013-02-21 13:32:09', 'Ready', '-', '-', 'Ready', '>> Ready!!!', 17),
(137, '2013-02-21 13:32:29', 'get user input', 'username', 'gatukgl', '-', '>> You input username is gatukgl', 17),
(138, '2013-02-21 13:32:38', 'vertify', '-', '', 'passwordData', '>> vertify username and password', 17),
(139, '2013-02-21 13:32:39', 'End mode', '-', '', 'fail', '>> username and password incorrect', 17),
(140, '2013-02-21 13:32:44', 'Ready', '-', '-', 'Ready', '>> Ready!!!', 17),
(141, '2013-02-21 13:33:00', 'television', 'graphical_password', 'click', 'prompt_dialog', '>> Action: activate television(ID38) && Interaction: graphical password(passpoint)<br/>', 17),
(142, '2013-02-21 13:33:11', 'get user input', 'username', 'gatukgl', '-', '>> You input username is gatukgl', 17),
(144, '2013-02-21 13:33:15', 'television', 'graphical_password', 'click', 'prompt_dialog', '>> Action: activate television(ID38) && Interaction: graphical password(passpoint)<br/>', 17),
(145, '2013-02-21 13:33:18', 'get user click', 'passPoint', '10_1', '-', '>> You click is 10_1', 17),
(146, '2013-02-21 13:33:21', 'get user input', 'passPoint', '10_1', '-', '>> You input is 10_1', 17),
(147, '2013-02-21 13:33:25', 'vertify', '-', '[television]10_1', 'passwordData', '>> vertify username and password', 17),
(148, '2013-02-21 13:33:27', 'End mode', '-', 'user', 'passwordSuccess', '>> redirect to user page', 17),
(149, '2013-02-21 13:33:42', 'Ready', '-', '-', 'Ready', '>> Ready!!!', 18),
(150, '2013-02-21 13:34:03', 'Start mode', '-', '-', 'forgot password', '>> User click forgot password', 19),
(151, '2013-02-21 13:34:35', 'Ready', '-', '-', 'Ready', '>> Ready!!!', 19),
(152, '2013-02-21 13:35:00', 'picture of SWU', 'graphical_password', 'click', 'prompt_dialog', '>> Action: activate picture of SWU(ID23) && Interaction: graphical password(passpoint)<br/>', 19),
(153, '2013-02-21 13:35:03', 'get user click', 'passPoint', '1_1', '-', '>> You click is 1_1', 19),
(154, '2013-02-21 13:35:06', 'get user input', 'passPoint', '1_1', '-', '>> You input is 1_1', 19),
(155, '2013-02-21 13:35:09', 'click', '', 'next', '-', '>> saveing first password scenario', 19),
(156, '2013-02-21 13:35:12', 'Ready', '-', '-', 'Ready', '>> Ready!!!', 19),
(157, '2013-02-21 13:35:35', 'picture of SWU', 'graphical_password', 'click', 'prompt_dialog', '>> Action: activate picture of SWU(ID23) && Interaction: graphical password(passpoint)<br/>', 19),
(158, '2013-02-21 13:35:38', 'get user click', 'passPoint', '1_1', '-', '>> You click is 1_1', 19),
(159, '2013-02-21 13:35:41', 'get user input', 'passPoint', '1_1', '-', '>> You input is 1_1', 19),
(160, '2013-02-21 13:35:44', 'click', '', 'finish', '-', '>> finish', 19),
(161, '2013-02-21 13:35:47', 'vertify', '-', '[pictureOfSWU]1_1', 'passwordData', '>> vertify password', 19),
(162, '2013-02-21 13:35:54', 'Ready', '-', '-', 'Ready', '>> Ready!!!', 20),
(167, '2013-02-21 13:57:00', 'Ready', '-', '-', 'Ready', '>> Ready!!!', 22),
(168, '2013-02-21 13:57:05', 'get user input', 'username', 'gat', '-', '>> You input username is gat', 22),
(169, '2013-02-21 13:57:16', 'get user input', 'username', 'gatukgl', '-', '>> You input username is gatukgl', 22),
(170, '2013-02-21 13:58:03', 'get user input', 'username', '', '-', '>> You input username is ', 22),
(171, '2013-02-21 13:58:17', 'get user input', 'username', 'gatukgl', '-', '>> You input username is gatukgl', 22),
(172, '2013-02-21 13:58:37', 'vertify', '-', '', 'passwordData', '>> vertify username and password', 22),
(173, '2013-02-21 13:58:42', 'End mode', '-', '', 'fail', '>> username and password incorrect', 22),
(174, '2013-02-21 13:58:58', 'Ready', '-', '-', 'Ready', '>> Ready!!!', 22),
(175, '2013-02-21 13:59:06', 'get user input', 'username', 'gatukgl', '-', '>> You input username is gatukgl', 22),
(176, '2013-02-21 13:59:13', 'picture of SWU', 'graphical_password', 'click', 'prompt_dialog', '>> Action: activate picture of SWU(ID23) && Interaction: graphical password(passpoint)<br/>', 22),
(177, '2013-02-21 13:59:32', 'get user click', 'passPoint', '1_1', '-', '>> You click is 1_1', 22),
(178, '2013-02-21 13:59:51', 'get user input', 'passPoint', '1_1', '-', '>> You input is 1_1', 22),
(179, '2013-02-21 14:00:07', 'picture of SWU', 'graphical_password', 'click', 'prompt_dialog', '>> Action: activate picture of SWU(ID23) && Interaction: graphical password(passpoint)<br/>', 22),
(180, '2013-02-21 14:00:15', 'get user click', 'passPoint', '1_1', '-', '>> You click is 1_1', 22),
(181, '2013-02-21 14:00:33', 'get user remove', 'passPoint', '1_1', '-', '>> You remove click is 1_1', 22),
(182, '2013-02-21 14:01:00', 'get user click', 'passPoint', '1_1', '-', '>> You click is 1_1', 22),
(183, '2013-02-21 14:01:12', 'get user input', 'passPoint', '1_1', '-', '>> You input is 1_1', 22),
(184, '2013-02-21 14:01:00', 'vertify', '-', '[pictureOfSWU]1_1[pictureOfSWU]1_1', 'passwordData', '>> vertify username and password', 22),
(185, '2013-02-21 14:01:05', 'End mode', '-', '[pictureOfSWU]1_1[pictureOfSWU]1_1', 'fail', '>> username and password incorrect', 22),
(186, '2013-02-21 14:01:16', 'Ready', '-', '-', 'Ready', '>> Ready!!!', 22),
(187, '2013-02-21 14:01:16', 'get user input', 'username', 'gatukgl', '-', '>> You input username is gatukgl', 22),
(188, '2013-02-21 14:01:28', 'picture of SWU', 'graphical_password', 'click', 'prompt_dialog', '>> Action: activate picture of SWU(ID23) && Interaction: graphical password(passpoint)<br/>', 22),
(189, '2013-02-21 14:01:43', 'get user click', 'passPoint', '1_1', '-', '>> You click is 1_1', 22),
(190, '2013-02-21 14:01:42', 'get user remove', 'passPoint', '1_1', '-', '>> You remove click is 1_1', 22),
(191, '2013-02-21 14:01:51', 'get user click', 'passPoint', '1_1', '-', '>> You click is 1_1', 22),
(192, '2013-02-21 14:01:59', 'get user remove', 'passPoint', '1_1', '-', '>> You remove click is 1_1', 22),
(193, '2013-02-21 14:02:00', 'get user click', 'passPoint', '1_1', '-', '>> You click is 1_1', 22),
(194, '2013-02-21 14:02:11', 'get user remove', 'passPoint', '1_1', '-', '>> You remove click is 1_1', 22),
(195, '2013-02-21 14:02:19', 'get user click', 'passPoint', '1_1', '-', '>> You click is 1_1', 22),
(196, '2013-02-21 14:02:24', 'get user input', 'passPoint', '1_1', '-', '>> You input is 1_1', 22),
(197, '2013-02-21 14:02:13', 'vertify', '-', '[pictureOfSWU]1_1', 'passwordData', '>> vertify username and password', 22),
(198, '2013-02-21 14:02:27', 'End mode', '-', 'user', 'passwordSuccess', '>> redirect to user page', 22),
(215, '2013-02-21 14:05:20', 'Ready', '-', '-', 'Ready', '>> Ready!!!', 20),
(216, '2013-02-21 14:05:44', 'get user input', 'username', 'gatukgl', '-', '>> You input username is gatukgl', 20),
(217, '2013-02-21 14:05:47', 'picture of SWU', 'graphical_password', 'click', 'prompt_dialog', '>> Action: activate picture of SWU(ID23) && Interaction: graphical password(passpoint)<br/>', 20),
(218, '2013-02-21 14:05:50', 'get user click', 'passPoint', '1_1', '-', '>> You click is 1_1', 20),
(219, '2013-02-21 14:05:53', 'get user input', 'passPoint', '1_1', '-', '>> You input is 1_1', 20),
(220, '2013-02-21 14:05:58', 'vertify', '-', '[pictureOfSWU]1_1', 'passwordData', '>> vertify username and password', 20),
(221, '2013-02-21 14:06:00', 'End mode', '-', 'user', 'passwordSuccess', '>> redirect to user page', 20),
(223, '2013-02-21 14:06:25', 'Ready', '-', '-', 'Ready', '>> Ready!!!', 22),
(229, '2013-02-21 14:06:55', 'Ready', '-', '-', 'Ready', '>> Ready!!!', 23),
(230, '2013-02-22 01:31:16', 'Ready', '-', '-', 'Ready', '>> Ready!!!', 24),
(231, '2013-02-22 01:31:26', 'Ready', '-', '-', 'Ready', '>> Ready!!!', 24),
(232, '2013-02-22 01:31:59', 'television', 'graphical_password', 'click', 'prompt_dialog', '>> Action: activate television(ID38) && Interaction: graphical password(passpoint)<br/>', 24),
(233, '2013-02-22 01:32:07', 'get user click', 'passPoint', '6_5', '-', '>> You click is 6_5', 24),
(234, '2013-02-22 01:32:11', 'get user click', 'passPoint', '2_12', '-', '>> You click is 2_12', 24),
(235, '2013-02-22 01:32:14', 'get user input', 'passPoint', '6_52_12', '-', '>> You input is 6_52_12', 24),
(236, '2013-02-22 01:32:30', 'Start mode', '-', '-', 'registration', '>> User click registration', 24),
(237, '2013-02-22 01:32:33', '-', 'load instruction page', '-', '-', '>> User read instruction', 25),
(238, '2013-02-22 01:32:39', '-', 'load registation form page', '-', '-', '>> User fill information', 25),
(239, '2013-02-22 01:33:17', 'Ready', '-', '-', 'Ready', '>> Ready!!!', 25),
(240, '2013-02-22 01:33:38', 'refrigerator', 'graphical_password', 'click', 'prompt_dialog', '>> Action: activate refrigerator(ID281) && Interaction: graphical password(pattern unlock)<br/>', 25),
(241, '2013-02-22 01:33:46', 'get user input', 'patternUnlock', '569874123', '-', '>> You pattern is 569874123', 25),
(242, '2013-02-22 01:33:49', 'get user input', 'patternUnlock', '569874123', '-', '>> You input is 569874123', 25),
(243, '2013-02-22 01:33:58', 'click', '', 'next', '-', '>> saveing first password scenario', 25),
(244, '2013-02-22 01:34:02', 'Ready', '-', '-', 'Ready', '>> Ready!!!', 25),
(245, '2013-02-22 01:34:23', 'Ready', '-', '-', 'Ready', '>> Ready!!!', 25),
(246, '2013-02-22 01:34:41', 'refrigerator', 'graphical_password', 'click', 'prompt_dialog', '>> Action: activate refrigerator(ID347) && Interaction: graphical password(pattern unlock)<br/>', 25),
(247, '2013-02-22 01:34:44', 'get user input', 'patternUnlock', '569874123', '-', '>> You pattern is 569874123', 25),
(248, '2013-02-22 01:34:48', 'get user input', 'patternUnlock', '569874123', '-', '>> You input is 569874123', 25),
(249, '2013-02-22 01:34:51', 'click', '', 'finish', '-', '>> finish', 25),
(250, '2013-02-22 01:34:54', 'vertify', '-', '[refrigerator]569874123', 'passwordData', '>> vertify password', 25),
(251, '2013-02-22 01:35:00', 'Ready', '-', '-', 'Ready', '>> Ready!!!', 26),
(252, '2013-02-22 01:35:10', 'Ready', '-', '-', 'Ready', '>> Ready!!!', 27),
(253, '2013-02-22 01:35:22', 'Ready', '-', '-', 'Ready', '>> Ready!!!', 26),
(254, '2013-02-22 01:35:53', 'get user input', 'username', 'minminsoft', '-', '>> You input username is minminsoft', 26),
(255, '2013-02-22 01:35:59', 'refrigerator', 'graphical_password', 'click', 'prompt_dialog', '>> Action: activate refrigerator(ID347) && Interaction: graphical password(pattern unlock)<br/>', 26),
(256, '2013-02-22 01:36:02', 'get user input', 'patternUnlock', '569874123', '-', '>> You pattern is 569874123', 26),
(257, '2013-02-22 01:36:05', 'get user input', 'patternUnlock', '569874123', '-', '>> You input is 569874123', 26),
(258, '2013-02-22 01:36:09', 'vertify', '-', '[refrigerator]569874123', 'passwordData', '>> vertify username and password', 26),
(259, '2013-02-22 01:36:11', 'End mode', '-', 'user', 'passwordSuccess', '>> redirect to user page', 26),
(260, '2013-02-22 01:36:30', 'Ready', '-', '-', 'Ready', '>> Ready!!!', 28),
(261, '2013-02-22 01:36:57', 'Start mode', '-', '-', 'forgot password', '>> User click forgot password', 28),
(262, '2013-02-22 01:37:19', 'Ready', '-', '-', 'Ready', '>> Ready!!!', 29),
(263, '2013-02-22 01:37:38', 'Ready', '-', '-', 'Ready', '>> Ready!!!', 29),
(264, '2013-02-22 01:37:59', 'computer', 'textual_password', 'click', 'prompt_dialog', '>> Action: activate computer(ID57)&& Interaction: texual password <br/>', 29),
(265, '2013-02-22 01:38:06', 'get user input', 'textualPassword', '1234567', '-', '>> You input is 1234567', 29),
(266, '2013-02-22 01:38:14', 'click', '', 'next', '-', '>> saveing first password scenario', 29),
(267, '2013-02-22 01:38:17', 'Ready', '-', '-', 'Ready', '>> Ready!!!', 29),
(268, '2013-02-22 01:38:35', 'Ready', '-', '-', 'Ready', '>> Ready!!!', 29),
(269, '2013-02-22 01:38:53', 'computer', 'textual_password', 'click', 'prompt_dialog', '>> Action: activate computer(ID57)&& Interaction: texual password <br/>', 29),
(270, '2013-02-22 01:38:58', 'get user input', 'textualPassword', '1234567', '-', '>> You input is 1234567', 29),
(271, '2013-02-22 01:39:01', 'click', '', 'finish', '-', '>> finish', 29),
(272, '2013-02-22 01:39:04', 'vertify', '-', '[computer]1234567', 'passwordData', '>> vertify password', 29),
(273, '2013-02-22 01:39:11', 'Ready', '-', '-', 'Ready', '>> Ready!!!', 30),
(274, '2013-02-22 01:39:13', 'Ready', '-', '-', 'Ready', '>> Ready!!!', 30),
(275, '2013-02-22 01:39:25', 'Ready', '-', '-', 'Ready', '>> Ready!!!', 30),
(276, '2013-02-22 01:39:28', 'Ready', '-', '-', 'Ready', '>> Ready!!!', 30),
(277, '2013-02-22 01:39:38', 'get user input', 'username', 'minminsoft', '-', '>> You input username is minminsoft', 30),
(278, '2013-02-22 01:39:40', 'computer', 'textual_password', 'click', 'prompt_dialog', '>> Action: activate computer(ID57)&& Interaction: texual password <br/>', 30),
(279, '2013-02-22 01:39:51', 'get user input', 'textualPassword', '1234567', '-', '>> You input is 1234567', 30),
(280, '2013-02-22 01:39:58', 'vertify', '-', '[computer]1234567', 'passwordData', '>> vertify username and password', 30),
(281, '2013-02-22 01:40:03', 'End mode', '-', 'user', 'passwordSuccess', '>> redirect to user page', 30),
(282, '2013-02-22 01:41:14', 'Ready', '-', '-', 'Ready', '>> Ready!!!', 31),
(283, '2013-02-22 02:58:32', 'Ready', '-', '-', 'Ready', '>> Ready!!!', 32),
(284, '2013-02-22 02:58:54', 'Start mode', '-', '-', 'registration', '>> User click registration', 32),
(285, '2013-02-22 02:58:54', '-', 'load instruction page', '-', '-', '>> User read instruction', 33),
(286, '2013-02-22 02:58:57', '-', 'load registation form page', '-', '-', '>> User fill information', 33),
(287, '2013-02-22 02:59:37', 'Ready', '-', '-', 'Ready', '>> Ready!!!', 33),
(288, '2013-02-22 03:00:07', 'picture of SWU', 'graphical_password', 'click', 'prompt_dialog', '>> Action: activate picture of SWU(ID23) && Interaction: graphical password(passpoint)<br/>', 33),
(289, '2013-02-22 03:00:16', 'get user click', 'passPoint', '7_1', '-', '>> You click is 7_1', 33),
(290, '2013-02-22 03:00:22', 'get user click', 'passPoint', '1_9', '-', '>> You click is 1_9', 33),
(291, '2013-02-22 03:00:25', 'get user input', 'passPoint', '7_11_9', '-', '>> You input is 7_11_9', 33),
(292, '2013-02-22 03:00:35', 'refrigerator', 'graphical_password', 'click', 'prompt_dialog', '>> Action: activate refrigerator(ID281) && Interaction: graphical password(pattern unlock)<br/>', 33),
(293, '2013-02-22 03:00:40', 'get user input', 'patternUnlock', '357', '-', '>> You pattern is 357', 33),
(294, '2013-02-22 03:00:43', 'get user input', 'patternUnlock', '357', '-', '>> You input is 357', 33),
(295, '2013-02-22 03:00:56', 'click', '', 'next', '-', '>> saveing first password scenario', 33),
(296, '2013-02-22 03:01:00', 'Ready', '-', '-', 'Ready', '>> Ready!!!', 33),
(297, '2013-02-22 03:01:25', 'click', '', 'finish', '-', '>> finish', 33),
(298, '2013-02-22 03:03:42', 'Ready', '-', '-', 'Ready', '>> Ready!!!', 34),
(299, '2013-02-22 03:04:03', 'Start mode', '-', '-', 'registration', '>> User click registration', 34),
(300, '2013-02-22 03:04:06', '-', 'load instruction page', '-', '-', '>> User read instruction', 34),
(301, '2013-02-22 03:04:10', '-', 'load registation form page', '-', '-', '>> User fill information', 35),
(302, '2013-02-22 03:04:52', 'Ready', '-', '-', 'Ready', '>> Ready!!!', 35),
(303, '2013-02-22 03:05:11', 'Ready', '-', '-', 'Ready', '>> Ready!!!', 35),
(304, '2013-02-22 03:05:34', 'television', 'graphical_password', 'click', 'prompt_dialog', '>> Action: activate television(ID38) && Interaction: graphical password(passpoint)<br/>', 35),
(305, '2013-02-22 03:05:37', 'get user click', 'passPoint', '1_15', '-', '>> You click is 1_15', 35),
(306, '2013-02-22 03:05:40', 'get user click', 'passPoint', '10_1', '-', '>> You click is 10_1', 35),
(307, '2013-02-22 03:05:43', 'get user input', 'passPoint', '1_1510_1', '-', '>> You input is 1_1510_1', 35),
(308, '2013-02-22 03:05:47', 'refrigerator', 'graphical_password', 'click', 'prompt_dialog', '>> Action: activate refrigerator(ID347) && Interaction: graphical password(pattern unlock)<br/>', 35),
(309, '2013-02-22 03:05:50', 'get user input', 'patternUnlock', '357', '-', '>> You pattern is 357', 35),
(310, '2013-02-22 03:05:53', 'get user input', 'patternUnlock', '357', '-', '>> You input is 357', 35),
(311, '2013-02-22 03:05:56', 'click', '', 'next', '-', '>> saveing first password scenario', 35),
(312, '2013-02-22 03:05:59', 'Ready', '-', '-', 'Ready', '>> Ready!!!', 35),
(313, '2013-02-22 03:06:18', 'Ready', '-', '-', 'Ready', '>> Ready!!!', 35),
(314, '2013-02-22 03:07:08', 'Ready', '-', '-', 'Ready', '>> Ready!!!', 35),
(315, '2013-02-22 03:07:25', 'television', 'graphical_password', 'click', 'prompt_dialog', '>> Action: activate television(ID38) && Interaction: graphical password(passpoint)<br/>', 35),
(316, '2013-02-22 03:07:30', 'get user click', 'passPoint', '1_15', '-', '>> You click is 1_15', 35),
(317, '2013-02-22 03:07:36', 'television', 'graphical_password', 'click', 'prompt_dialog', '>> Action: activate television(ID38) && Interaction: graphical password(passpoint)<br/>', 35),
(318, '2013-02-22 03:07:40', 'get user click', 'passPoint', '1_15', '-', '>> You click is 1_15', 35),
(319, '2013-02-22 03:07:43', 'get user click', 'passPoint', '10_1', '-', '>> You click is 10_1', 35),
(320, '2013-02-22 03:07:46', 'get user input', 'passPoint', '1_1510_1', '-', '>> You input is 1_1510_1', 35),
(321, '2013-02-22 03:07:49', 'refrigerator', 'graphical_password', 'click', 'prompt_dialog', '>> Action: activate refrigerator(ID347) && Interaction: graphical password(pattern unlock)<br/>', 35),
(322, '2013-02-22 03:07:52', 'get user input', 'patternUnlock', '3547', '-', '>> You pattern is 3547', 35),
(323, '2013-02-22 03:07:55', 'get user input', 'patternUnlock', '357', '-', '>> You pattern is 357', 35),
(324, '2013-02-22 03:07:58', 'get user input', 'patternUnlock', '357', '-', '>> You input is 357', 35),
(325, '2013-02-22 03:08:01', 'click', '', 'finish', '-', '>> finish', 35),
(326, '2013-02-22 03:08:04', 'vertify', '-', '[television]1_1510_1[refrigerator]357', 'passwordData', '>> vertify password', 35),
(327, '2013-02-22 03:08:10', 'Ready', '-', '-', 'Ready', '>> Ready!!!', 36),
(328, '2013-02-22 03:08:33', 'Ready', '-', '-', 'Ready', '>> Ready!!!', 36),
(329, '2013-02-22 03:08:54', 'get user input', 'username', 'pongpp', '-', '>> You input username is pongpp', 36),
(330, '2013-02-22 03:08:59', 'picture of SWU', 'graphical_password', 'click', 'prompt_dialog', '>> Action: activate picture of SWU(ID23) && Interaction: graphical password(passpoint)<br/>', 36),
(331, '2013-02-22 03:09:02', 'get user click', 'passPoint', '6_5', '-', '>> You click is 6_5', 36),
(332, '2013-02-22 03:09:05', 'get user input', 'passPoint', '6_5', '-', '>> You input is 6_5', 36),
(333, '2013-02-22 03:09:10', 'vertify', '-', '[pictureOfSWU]6_5', 'passwordData', '>> vertify username and password', 36),
(334, '2013-02-22 03:09:11', 'End mode', '-', '[pictureOfSWU]6_5', 'fail', '>> username and password incorrect', 36),
(335, '2013-02-22 03:09:15', 'Ready', '-', '-', 'Ready', '>> Ready!!!', 36),
(336, '2013-02-22 03:09:31', 'Ready', '-', '-', 'Ready', '>> Ready!!!', 36),
(337, '2013-02-22 03:09:51', 'get user input', 'username', 'pongpp', '-', '>> You input username is pongpp', 36),
(338, '2013-02-22 03:09:58', 'picture of SWU', 'graphical_password', 'click', 'prompt_dialog', '>> Action: activate picture of SWU(ID23) && Interaction: graphical password(passpoint)<br/>', 36),
(339, '2013-02-22 03:10:01', 'get user input', 'username', 'pongpps', '-', '>> You input username is pongpps', 36),
(340, '2013-02-22 03:10:04', 'get user click', 'passPoint', '1_9', '-', '>> You click is 1_9', 36),
(341, '2013-02-22 03:10:07', 'get user click', 'passPoint', '7_1', '-', '>> You click is 7_1', 36),
(342, '2013-02-22 03:10:10', 'get user input', 'passPoint', '1_97_1', '-', '>> You input is 1_97_1', 36),
(343, '2013-02-22 03:10:13', 'refrigerator', 'graphical_password', 'click', 'prompt_dialog', '>> Action: activate refrigerator(ID347) && Interaction: graphical password(pattern unlock)<br/>', 36),
(344, '2013-02-22 03:10:16', 'get user input', 'patternUnlock', '357', '-', '>> You pattern is 357', 36),
(345, '2013-02-22 03:10:19', 'get user input', 'patternUnlock', '357', '-', '>> You input is 357', 36),
(346, '2013-02-22 03:10:23', 'vertify', '-', '[pictureOfSWU]1_97_1[refrigerator]357', 'passwordData', '>> vertify username and password', 36),
(347, '2013-02-22 03:10:24', 'End mode', '-', '[pictureOfSWU]1_97_1[refrigerator]357', 'fail', '>> username and password incorrect', 36),
(348, '2013-02-22 03:10:29', 'Ready', '-', '-', 'Ready', '>> Ready!!!', 36),
(349, '2013-02-22 03:10:45', 'Ready', '-', '-', 'Ready', '>> Ready!!!', 36),
(350, '2013-02-22 03:11:04', 'get user input', 'username', 'pongpp', '-', '>> You input username is pongpp', 36),
(351, '2013-02-22 03:11:08', 'picture of SWU', 'graphical_password', 'click', 'prompt_dialog', '>> Action: activate picture of SWU(ID23) && Interaction: graphical password(passpoint)<br/>', 36),
(352, '2013-02-22 03:11:11', 'get user click', 'passPoint', '1_9', '-', '>> You click is 1_9', 36),
(353, '2013-02-22 03:11:14', 'get user click', 'passPoint', '7_1', '-', '>> You click is 7_1', 36),
(354, '2013-02-22 03:11:17', 'get user input', 'passPoint', '1_97_1', '-', '>> You input is 1_97_1', 36),
(355, '2013-02-22 03:11:20', 'refrigerator', 'graphical_password', 'click', 'prompt_dialog', '>> Action: activate refrigerator(ID281) && Interaction: graphical password(pattern unlock)<br/>', 36),
(356, '2013-02-22 03:11:23', 'get user input', 'patternUnlock', '357', '-', '>> You pattern is 357', 36),
(357, '2013-02-22 03:11:26', 'get user input', 'patternUnlock', '357', '-', '>> You input is 357', 36),
(358, '2013-02-22 03:11:30', 'vertify', '-', '[pictureOfSWU]1_97_1[refrigerator]357', 'passwordData', '>> vertify username and password', 36),
(359, '2013-02-22 03:11:31', 'End mode', '-', '[pictureOfSWU]1_97_1[refrigerator]357', 'fail', '>> username and password incorrect', 36),
(360, '2013-02-22 03:11:36', 'Ready', '-', '-', 'Ready', '>> Ready!!!', 36),
(361, '2013-02-22 03:12:15', 'Ready', '-', '-', 'Ready', '>> Ready!!!', 37),
(362, '2013-02-22 03:12:22', 'Ready', '-', '-', 'Ready', '>> Ready!!!', 37),
(363, '2013-02-22 03:12:27', 'Ready', '-', '-', 'Ready', '>> Ready!!!', 37),
(364, '2013-02-22 03:12:46', 'get user input', 'username', 'pongpp', '-', '>> You input username is pongpp', 37),
(365, '2013-02-22 03:12:49', 'television', 'graphical_password', 'click', 'prompt_dialog', '>> Action: activate television(ID38) && Interaction: graphical password(passpoint)<br/>', 37),
(366, '2013-02-22 03:12:52', 'get user click', 'passPoint', '1_15', '-', '>> You click is 1_15', 37),
(367, '2013-02-22 03:12:56', 'get user click', 'passPoint', '10_1', '-', '>> You click is 10_1', 37),
(368, '2013-02-22 03:12:59', 'get user input', 'passPoint', '1_1510_1', '-', '>> You input is 1_1510_1', 37),
(369, '2013-02-22 03:13:02', 'refrigerator', 'graphical_password', 'click', 'prompt_dialog', '>> Action: activate refrigerator(ID347) && Interaction: graphical password(pattern unlock)<br/>', 37),
(370, '2013-02-22 03:13:05', 'get user input', 'patternUnlock', '357', '-', '>> You pattern is 357', 37),
(371, '2013-02-22 03:13:08', 'get user input', 'patternUnlock', '357', '-', '>> You input is 357', 37),
(372, '2013-02-22 03:13:12', 'vertify', '-', '[television]1_1510_1[refrigerator]357', 'passwordData', '>> vertify username and password', 37),
(373, '2013-02-22 03:13:14', 'End mode', '-', 'user', 'passwordSuccess', '>> redirect to user page', 37),
(374, '2013-02-22 03:13:29', 'Ready', '-', '-', 'Ready', '>> Ready!!!', 38),
(375, '2013-02-22 03:13:45', 'Ready', '-', '-', 'Ready', '>> Ready!!!', 38),
(376, '2013-02-22 03:14:01', 'Start mode', '-', '-', 'forgot password', '>> User click forgot password', 38),
(377, '2013-02-22 03:14:23', 'Ready', '-', '-', 'Ready', '>> Ready!!!', 39),
(378, '2013-02-22 03:14:40', 'Ready', '-', '-', 'Ready', '>> Ready!!!', 39),
(379, '2013-02-22 03:15:03', 'computer', 'textual_password', 'click', 'prompt_dialog', '>> Action: activate computer(ID103)&& Interaction: texual password <br/>', 39),
(380, '2013-02-22 03:15:08', 'get user input', 'textualPassword', 'pongpp', '-', '>> You input is pongpp', 39),
(381, '2013-02-22 03:15:17', 'click', '', 'next', '-', '>> saveing first password scenario', 39),
(382, '2013-02-22 03:15:21', 'Ready', '-', '-', 'Ready', '>> Ready!!!', 39),
(383, '2013-02-22 03:15:38', 'Ready', '-', '-', 'Ready', '>> Ready!!!', 39),
(384, '2013-02-22 03:15:55', 'computer', 'textual_password', 'click', 'prompt_dialog', '>> Action: activate computer(ID57)&& Interaction: texual password <br/>', 39),
(385, '2013-02-22 03:16:01', 'get user input', 'textualPassword', 'pongpp', '-', '>> You input is pongpp', 39),
(386, '2013-02-22 03:16:07', 'click', '', 'finish', '-', '>> finish', 39),
(387, '2013-02-22 03:16:10', 'vertify', '-', '[computer]pongpp', 'passwordData', '>> vertify password', 39),
(388, '2013-02-22 03:16:17', 'Ready', '-', '-', 'Ready', '>> Ready!!!', 40),
(389, '2013-02-22 03:16:24', 'Ready', '-', '-', 'Ready', '>> Ready!!!', 40),
(390, '2013-02-22 03:16:43', 'get user input', 'username', 'p', '-', '>> You input username is p', 40),
(391, '2013-02-22 03:16:46', 'get user input', 'username', 'pongpp', '-', '>> You input username is pongpp', 40),
(392, '2013-02-22 03:16:49', 'computer', 'textual_password', 'click', 'prompt_dialog', '>> Action: activate computer(ID57)&& Interaction: texual password <br/>', 40),
(393, '2013-02-22 03:16:55', 'get user input', 'textualPassword', 'pongpp', '-', '>> You input is pongpp', 40),
(394, '2013-02-22 03:16:59', 'vertify', '-', '[computer]pongpp', 'passwordData', '>> vertify username and password', 40),
(395, '2013-02-22 03:17:01', 'End mode', '-', 'user', 'passwordSuccess', '>> redirect to user page', 40),
(396, '2013-02-22 03:17:10', 'Ready', '-', '-', 'Ready', '>> Ready!!!', 41),
(397, '2013-02-22 03:17:24', 'Ready', '-', '-', 'Ready', '>> Ready!!!', 41),
(398, '2013-02-22 03:35:52', 'Ready', '-', '-', 'Ready', '>> Ready!!!', 42),
(399, '2013-02-22 03:36:12', 'television', 'graphical_password', 'click', 'prompt_dialog', '>> Action: activate television(ID38) && Interaction: graphical password(passpoint)<br/>', 42),
(400, '2013-02-22 03:36:20', 'refrigerator', 'graphical_password', 'click', 'prompt_dialog', '>> Action: activate refrigerator(ID347) && Interaction: graphical password(pattern unlock)<br/>', 42),
(401, '2013-02-22 03:36:30', 'Start mode', '-', '-', 'registration', '>> User click registration', 42),
(402, '2013-02-22 03:36:30', '-', 'load instruction page', '-', '-', '>> User read instruction', 43),
(403, '2013-02-22 03:36:34', '-', 'load registation form page', '-', '-', '>> User fill information', 43),
(404, '2013-02-22 03:37:12', 'Ready', '-', '-', 'Ready', '>> Ready!!!', 43),
(405, '2013-02-22 03:37:45', 'refrigerator', 'graphical_password', 'click', 'prompt_dialog', '>> Action: activate refrigerator(ID347) && Interaction: graphical password(pattern unlock)<br/>', 43),
(406, '2013-02-22 03:37:51', 'get user input', 'patternUnlock', '357', '-', '>> You pattern is 357', 43),
(407, '2013-02-22 03:37:54', 'get user input', 'patternUnlock', '357', '-', '>> You input is 357', 43),
(408, '2013-02-22 03:37:59', 'television', 'graphical_password', 'click', 'prompt_dialog', '>> Action: activate television(ID30) && Interaction: graphical password(passpoint)<br/>', 43),
(409, '2013-02-22 03:38:13', 'get user click', 'passPoint', '10_1', '-', '>> You click is 10_1', 43),
(410, '2013-02-22 03:38:16', 'get user input', 'passPoint', '10_1', '-', '>> You input is 10_1', 43),
(411, '2013-02-22 03:38:19', 'click', '', 'next', '-', '>> saveing first password scenario', 43),
(412, '2013-02-22 03:38:22', 'Ready', '-', '-', 'Ready', '>> Ready!!!', 43),
(413, '2013-02-22 03:38:39', 'Ready', '-', '-', 'Ready', '>> Ready!!!', 43),
(414, '2013-02-22 03:38:59', 'refrigerator', 'graphical_password', 'click', 'prompt_dialog', '>> Action: activate refrigerator(ID281) && Interaction: graphical password(pattern unlock)<br/>', 43),
(415, '2013-02-22 03:39:02', 'get user input', 'patternUnlock', '357', '-', '>> You pattern is 357', 43),
(416, '2013-02-22 03:39:05', 'get user input', 'patternUnlock', '357', '-', '>> You input is 357', 43),
(417, '2013-02-22 03:39:08', 'television', 'graphical_password', 'click', 'prompt_dialog', '>> Action: activate television(ID38) && Interaction: graphical password(passpoint)<br/>', 43),
(418, '2013-02-22 03:39:11', 'get user click', 'passPoint', '10_1', '-', '>> You click is 10_1', 43),
(419, '2013-02-22 03:39:17', 'get user input', 'passPoint', '10_1', '-', '>> You input is 10_1', 43),
(420, '2013-02-22 03:39:20', 'click', '', 'finish', '-', '>> finish', 43),
(421, '2013-02-22 03:39:23', 'vertify', '-', '[refrigerator]357[television]10_1', 'passwordData', '>> vertify password', 43),
(422, '2013-02-22 03:39:29', 'Ready', '-', '-', 'Ready', '>> Ready!!!', 44),
(423, '2013-02-22 03:39:55', 'get user input', 'username', 'chickii', '-', '>> You input username is chickii', 44),
(424, '2013-02-22 03:40:03', 'refrigerator', 'graphical_password', 'click', 'prompt_dialog', '>> Action: activate refrigerator(ID347) && Interaction: graphical password(pattern unlock)<br/>', 44),
(425, '2013-02-22 03:40:06', 'get user input', 'patternUnlock', '357', '-', '>> You pattern is 357', 44),
(426, '2013-02-22 03:40:09', 'get user input', 'patternUnlock', '357', '-', '>> You input is 357', 44),
(427, '2013-02-22 03:40:12', 'television', 'graphical_password', 'click', 'prompt_dialog', '>> Action: activate television(ID38) && Interaction: graphical password(passpoint)<br/>', 44),
(428, '2013-02-22 03:40:15', 'get user click', 'passPoint', '10_1', '-', '>> You click is 10_1', 44),
(429, '2013-02-22 03:40:18', 'get user input', 'passPoint', '10_1', '-', '>> You input is 10_1', 44),
(430, '2013-02-22 03:40:22', 'vertify', '-', '[refrigerator]357[television]10_1', 'passwordData', '>> vertify username and password', 44),
(431, '2013-02-22 03:40:24', 'End mode', '-', 'user', 'passwordSuccess', '>> redirect to user page', 44),
(432, '2013-02-22 03:40:41', 'Ready', '-', '-', 'Ready', '>> Ready!!!', 45),
(433, '2013-02-22 03:41:10', 'Start mode', '-', '-', 'forgot password', '>> User click forgot password', 45),
(434, '2013-02-22 03:41:58', 'Ready', '-', '-', 'Ready', '>> Ready!!!', 46),
(435, '2013-02-22 03:42:14', 'Ready', '-', '-', 'Ready', '>> Ready!!!', 46),
(436, '2013-02-22 03:42:37', 'picture of SWU', 'graphical_password', 'click', 'prompt_dialog', '>> Action: activate picture of SWU(ID2) && Interaction: graphical password(passpoint)<br/>', 46),
(437, '2013-02-22 03:42:40', 'get user click', 'passPoint', '7_1', '-', '>> You click is 7_1', 46),
(438, '2013-02-22 03:42:43', 'get user click', 'passPoint', '7_9', '-', '>> You click is 7_9', 46),
(439, '2013-02-22 03:42:46', 'get user input', 'passPoint', '7_17_9', '-', '>> You input is 7_17_9', 46),
(440, '2013-02-22 03:42:49', 'click', '', 'next', '-', '>> saveing first password scenario', 46),
(441, '2013-02-22 03:42:53', 'Ready', '-', '-', 'Ready', '>> Ready!!!', 46),
(442, '2013-02-22 03:43:15', 'Ready', '-', '-', 'Ready', '>> Ready!!!', 46),
(443, '2013-02-22 03:43:36', 'picture of SWU', 'graphical_password', 'click', 'prompt_dialog', '>> Action: activate picture of SWU(ID23) && Interaction: graphical password(passpoint)<br/>', 46),
(444, '2013-02-22 03:43:39', 'get user click', 'passPoint', '7_1', '-', '>> You click is 7_1', 46),
(445, '2013-02-22 03:43:42', 'get user click', 'passPoint', '7_9', '-', '>> You click is 7_9', 46),
(446, '2013-02-22 03:43:45', 'get user input', 'passPoint', '7_17_9', '-', '>> You input is 7_17_9', 46),
(447, '2013-02-22 03:43:48', 'click', '', 'finish', '-', '>> finish', 46),
(448, '2013-02-22 03:43:51', 'vertify', '-', '[pictureOfSWU]7_17_9', 'passwordData', '>> vertify password', 46),
(449, '2013-02-22 03:43:58', 'Ready', '-', '-', 'Ready', '>> Ready!!!', 47),
(450, '2013-02-22 03:44:24', 'picture of SWU', 'graphical_password', 'click', 'prompt_dialog', '>> Action: activate picture of SWU(ID23) && Interaction: graphical password(passpoint)<br/>', 47),
(451, '2013-02-22 03:44:27', 'get user click', 'passPoint', '7_1', '-', '>> You click is 7_1', 47),
(452, '2013-02-22 03:44:30', 'get user click', 'passPoint', '7_9', '-', '>> You click is 7_9', 47),
(453, '2013-02-22 03:44:33', 'get user input', 'passPoint', '7_17_9', '-', '>> You input is 7_17_9', 47),
(454, '2013-02-22 03:44:37', 'vertify', '-', '[pictureOfSWU]7_17_9', 'passwordData', '>> vertify username and password', 47),
(455, '2013-02-22 03:44:39', 'End mode', '-', 'user', 'passwordSuccess', '>> redirect to user page', 47),
(456, '2013-02-22 03:45:09', 'Ready', '-', '-', 'Ready', '>> Ready!!!', 48),
(457, '2013-02-22 04:23:26', 'Ready', '-', '-', 'Ready', '>> Ready!!!', 49),
(458, '2013-02-22 04:23:44', 'television', 'graphical_password', 'click', 'prompt_dialog', '>> Action: activate television(ID38) && Interaction: graphical password(passpoint)<br/>', 49),
(459, '2013-02-22 04:23:52', 'Start mode', '-', '-', 'registration', '>> User click registration', 49),
(460, '2013-02-22 04:23:52', '-', 'load instruction page', '-', '-', '>> User read instruction', 50),
(461, '2013-02-22 04:23:55', '-', 'load registation form page', '-', '-', '>> User fill information', 50),
(462, '2013-02-22 04:24:02', 'Ready', '-', '-', 'Ready', '>> Ready!!!', 51),
(463, '2013-02-22 04:24:18', 'Start mode', '-', '-', 'registration', '>> User click registration', 51),
(464, '2013-02-22 04:24:18', '-', 'load instruction page', '-', '-', '>> User read instruction', 52),
(465, '2013-02-22 04:24:21', '-', 'load registation form page', '-', '-', '>> User fill information', 52),
(466, '2013-02-22 04:25:15', 'Ready', '-', '-', 'Ready', '>> Ready!!!', 52),
(467, '2013-02-22 04:25:21', 'Ready', '-', '-', 'Ready', '>> Ready!!!', 50),
(468, '2013-02-22 04:25:47', 'refrigerator', 'graphical_password', 'click', 'prompt_dialog', '>> Action: activate refrigerator(ID347) && Interaction: graphical password(pattern unlock)<br/>', 52),
(469, '2013-02-22 04:25:50', 'get user input', 'patternUnlock', '1', '-', '>> You pattern is 1', 52),
(470, '2013-02-22 04:25:51', 'television', 'graphical_password', 'click', 'prompt_dialog', '>> Action: activate television(ID38) && Interaction: graphical password(passpoint)<br/>', 50),
(471, '2013-02-22 04:25:53', 'get user input', 'patternUnlock', '2', '-', '>> You pattern is 2', 52),
(472, '2013-02-22 04:25:56', 'get user input', 'patternUnlock', '3', '-', '>> You pattern is 3', 52),
(473, '2013-02-22 04:25:59', 'get user input', 'patternUnlock', '357896', '-', '>> You pattern is 357896', 52),
(474, '2013-02-22 04:26:02', 'get user input', 'patternUnlock', '357896', '-', '>> You pattern is 357896', 52),
(475, '2013-02-22 04:26:05', 'get user input', 'patternUnlock', '357896', '-', '>> You input is 357896', 52),
(476, '2013-02-22 04:26:08', 'click', '', 'next', '-', '>> saveing first password scenario', 52),
(477, '2013-02-22 04:26:09', 'get user click', 'passPoint', '2_13', '-', '>> You click is 2_13', 50),
(478, '2013-02-22 04:26:12', 'Ready', '-', '-', 'Ready', '>> Ready!!!', 52),
(479, '2013-02-22 04:26:12', 'get user input', 'passPoint', '2_13', '-', '>> You input is 2_13', 50),
(480, '2013-02-22 04:26:17', 'click', '', 'next', '-', '>> saveing first password scenario', 50),
(481, '2013-02-22 04:26:21', 'Ready', '-', '-', 'Ready', '>> Ready!!!', 50),
(482, '2013-02-22 04:26:30', 'Ready', '-', '-', 'Ready', '>> Ready!!!', 52),
(483, '2013-02-22 04:26:38', 'television', 'graphical_password', 'click', 'prompt_dialog', '>> Action: activate television(ID38) && Interaction: graphical password(passpoint)<br/>', 50),
(484, '2013-02-22 04:26:45', 'get user click', 'passPoint', '2_13', '-', '>> You click is 2_13', 50),
(485, '2013-02-22 04:26:49', 'get user input', 'passPoint', '2_13', '-', '>> You input is 2_13', 50),
(486, '2013-02-22 04:26:50', 'refrigerator', 'graphical_password', 'click', 'prompt_dialog', '>> Action: activate refrigerator(ID281) && Interaction: graphical password(pattern unlock)<br/>', 52),
(487, '2013-02-22 04:26:53', 'get user input', 'patternUnlock', '35478', '-', '>> You pattern is 35478', 52),
(488, '2013-02-22 04:26:53', 'click', '', 'finish', '-', '>> finish', 50),
(489, '2013-02-22 04:26:56', 'get user input', 'patternUnlock', '357896', '-', '>> You pattern is 357896', 52),
(490, '2013-02-22 04:26:56', 'vertify', '-', '[television]2_13', 'passwordData', '>> vertify password', 50),
(491, '2013-02-22 04:26:59', 'get user input', 'patternUnlock', '357896', '-', '>> You input is 357896', 52),
(492, '2013-02-22 04:27:02', 'click', '', 'finish', '-', '>> finish', 52),
(493, '2013-02-22 04:27:02', 'Ready', '-', '-', 'Ready', '>> Ready!!!', 53),
(494, '2013-02-22 04:27:05', 'vertify', '-', '[refrigerator]357896', 'passwordData', '>> vertify password', 52),
(495, '2013-02-22 04:27:11', 'Ready', '-', '-', 'Ready', '>> Ready!!!', 54),
(496, '2013-02-22 04:27:26', 'get user input', 'username', 'tuktaa21', '-', '>> You input username is tuktaa21', 53),
(497, '2013-02-22 04:27:34', 'get user input', 'username', 'ribbonbow', '-', '>> You input username is ribbonbow', 54),
(498, '2013-02-22 04:27:38', 'refrigerator', 'graphical_password', 'click', 'prompt_dialog', '>> Action: activate refrigerator(ID347) && Interaction: graphical password(pattern unlock)<br/>', 54),
(499, '2013-02-22 04:27:52', 'get user input', 'patternUnlock', '357896', '-', '>> You pattern is 357896', 54),
(500, '2013-02-22 04:27:57', 'get user input', 'patternUnlock', '357896', '-', '>> You input is 357896', 54),
(501, '2013-02-22 04:27:46', 'Ready', '-', '-', 'Ready', '>> Ready!!!', 53),
(502, '2013-02-22 04:28:05', 'vertify', '-', '[refrigerator]357896', 'passwordData', '>> vertify username and password', 54);
INSERT INTO `tbl_logdetail` (`logD_id`, `logD_time`, `logD_action`, `logD_interaction`, `logD_input`, `logD_status`, `logD_remark`, `logH_id`) VALUES
(503, '2013-02-22 04:28:08', 'End mode', '-', 'user', 'passwordSuccess', '>> redirect to user page', 54),
(504, '2013-02-22 04:28:03', 'Ready', '-', '-', 'Ready', '>> Ready!!!', 55),
(505, '2013-02-22 04:28:07', 'get user input', 'username', 'tuktaa21', '-', '>> You input username is tuktaa21', 53),
(506, '2013-02-22 04:28:10', 'television', 'graphical_password', 'click', 'prompt_dialog', '>> Action: activate television(ID38) && Interaction: graphical password(passpoint)<br/>', 53),
(507, '2013-02-22 04:28:13', 'get user click', 'passPoint', '2_13', '-', '>> You click is 2_13', 53),
(508, '2013-02-22 04:28:16', 'get user input', 'passPoint', '2_13', '-', '>> You input is 2_13', 53),
(509, '2013-02-22 04:28:21', 'vertify', '-', '[television]2_13', 'passwordData', '>> vertify username and password', 53),
(510, '2013-02-22 04:28:23', 'End mode', '-', 'user', 'passwordSuccess', '>> redirect to user page', 53),
(511, '2013-02-22 04:28:28', 'Start mode', '-', '-', 'forgot password', '>> User click forgot password', 55),
(512, '2013-02-22 04:28:35', 'Ready', '-', '-', 'Ready', '>> Ready!!!', 56),
(513, '2013-02-22 04:28:45', 'Ready', '-', '-', 'Ready', '>> Ready!!!', 57),
(514, '2013-02-22 04:28:53', 'Start mode', '-', '-', 'forgot password', '>> User click forgot password', 56),
(515, '2013-02-22 04:29:03', 'television', 'graphical_password', 'click', 'prompt_dialog', '>> Action: activate television(ID38) && Interaction: graphical password(passpoint)<br/>', 57),
(516, '2013-02-22 04:29:08', 'get user click', 'passPoint', '10_1', '-', '>> You click is 10_1', 57),
(517, '2013-02-22 04:29:11', 'get user input', 'passPoint', '10_1', '-', '>> You input is 10_1', 57),
(518, '2013-02-22 04:29:14', 'click', '', 'next', '-', '>> saveing first password scenario', 57),
(519, '2013-02-22 04:29:17', 'Ready', '-', '-', 'Ready', '>> Ready!!!', 57),
(520, '2013-02-22 04:29:33', '-', '-', '-', 'error', '>> Username & E-mail not found in database', 58),
(521, '2013-02-22 04:29:35', 'television', 'graphical_password', 'click', 'prompt_dialog', '>> Action: activate television(ID38) && Interaction: graphical password(passpoint)<br/>', 57),
(522, '2013-02-22 04:29:38', 'get user click', 'passPoint', '10_1', '-', '>> You click is 10_1', 57),
(523, '2013-02-22 04:29:41', 'get user input', 'passPoint', '10_1', '-', '>> You input is 10_1', 57),
(524, '2013-02-22 04:29:44', 'click', '', 'finish', '-', '>> finish', 57),
(525, '2013-02-22 04:29:48', 'vertify', '-', '[television]10_1', 'passwordData', '>> vertify password', 57),
(526, '2013-02-22 04:29:54', 'Ready', '-', '-', 'Ready', '>> Ready!!!', 59),
(527, '2013-02-22 04:30:14', 'get user input', 'username', 'r', '-', '>> You input username is r', 59),
(528, '2013-02-22 04:30:17', 'get user input', 'username', 'ribbonbow', '-', '>> You input username is ribbonbow', 59),
(529, '2013-02-22 04:30:21', 'Ready', '-', '-', 'Ready', '>> Ready!!!', 58),
(530, '2013-02-22 04:30:22', 'television', 'graphical_password', 'click', 'prompt_dialog', '>> Action: activate television(ID38) && Interaction: graphical password(passpoint)<br/>', 59),
(531, '2013-02-22 04:30:25', 'get user click', 'passPoint', '10_1', '-', '>> You click is 10_1', 59),
(532, '2013-02-22 04:30:28', 'get user input', 'passPoint', '10_1', '-', '>> You input is 10_1', 59),
(533, '2013-02-22 04:30:32', 'vertify', '-', '[television]10_1', 'passwordData', '>> vertify username and password', 59),
(534, '2013-02-22 04:30:34', 'End mode', '-', 'user', 'passwordSuccess', '>> redirect to user page', 59),
(535, '2013-02-22 04:30:37', 'Ready', '-', '-', 'Ready', '>> Ready!!!', 58),
(536, '2013-02-22 04:30:42', 'Ready', '-', '-', 'Ready', '>> Ready!!!', 60),
(537, '2013-02-22 04:30:59', 'refrigerator', 'graphical_password', 'click', 'prompt_dialog', '>> Action: activate refrigerator(ID347) && Interaction: graphical password(pattern unlock)<br/>', 58),
(538, '2013-02-22 04:31:02', 'get user input', 'patternUnlock', '14789', '-', '>> You pattern is 14789', 58),
(539, '2013-02-22 04:31:05', 'get user input', 'patternUnlock', '14789', '-', '>> You input is 14789', 58),
(540, '2013-02-22 04:31:08', 'click', '', 'next', '-', '>> saveing first password scenario', 58),
(541, '2013-02-22 04:31:12', 'Ready', '-', '-', 'Ready', '>> Ready!!!', 58),
(542, '2013-02-22 04:31:34', 'Ready', '-', '-', 'Ready', '>> Ready!!!', 58),
(543, '2013-02-22 04:31:53', 'refrigerator', 'graphical_password', 'click', 'prompt_dialog', '>> Action: activate refrigerator(ID347) && Interaction: graphical password(pattern unlock)<br/>', 58),
(544, '2013-02-22 04:31:56', 'get user input', 'patternUnlock', '14789', '-', '>> You pattern is 14789', 58),
(545, '2013-02-22 04:31:59', 'get user input', 'patternUnlock', '14789', '-', '>> You input is 14789', 58),
(546, '2013-02-22 04:32:02', 'click', '', 'finish', '-', '>> finish', 58),
(547, '2013-02-22 04:32:05', 'vertify', '-', '[refrigerator]14789', 'passwordData', '>> vertify password', 58),
(548, '2013-02-22 04:32:12', 'Ready', '-', '-', 'Ready', '>> Ready!!!', 61),
(549, '2013-02-22 04:32:16', 'get user input', 'username', 't', '-', '>> You input username is t', 61),
(550, '2013-02-22 04:32:19', 'get user input', 'username', 'tuktaa21', '-', '>> You input username is tuktaa21', 61),
(551, '2013-02-22 04:32:25', 'refrigerator', 'graphical_password', 'click', 'prompt_dialog', '>> Action: activate refrigerator(ID347) && Interaction: graphical password(pattern unlock)<br/>', 61),
(552, '2013-02-22 04:32:31', 'get user input', 'patternUnlock', '14789', '-', '>> You pattern is 14789', 61),
(553, '2013-02-22 04:32:37', 'get user input', 'patternUnlock', '14789', '-', '>> You input is 14789', 61),
(554, '2013-02-22 04:32:44', 'vertify', '-', '[refrigerator]14789', 'passwordData', '>> vertify username and password', 61),
(555, '2013-02-22 04:32:46', 'End mode', '-', 'user', 'passwordSuccess', '>> redirect to user page', 61),
(556, '2013-02-22 04:33:35', 'Ready', '-', '-', 'Ready', '>> Ready!!!', 62),
(557, '2013-02-22 04:54:56', 'Ready', '-', '-', 'Ready', '>> Ready!!!', 63),
(558, '2013-02-22 08:21:43', 'Ready', '-', '-', 'Ready', '>> Ready!!!', 64),
(559, '2013-02-22 08:22:14', 'refrigerator', 'graphical_password', 'click', 'prompt_dialog', '>> Action: activate refrigerator(ID347) && Interaction: graphical password(pattern unlock)<br/>', 64),
(560, '2013-02-22 08:22:26', 'television', 'graphical_password', 'click', 'prompt_dialog', '>> Action: activate television(ID38) && Interaction: graphical password(passpoint)<br/>', 64),
(561, '2013-02-22 08:22:31', 'Start mode', '-', '-', 'registration', '>> User click registration', 65),
(562, '2013-02-22 08:22:34', '-', 'load instruction page', '-', '-', '>> User read instruction', 65),
(563, '2013-02-22 08:22:37', '-', 'load registation form page', '-', '-', '>> User fill information', 65),
(564, '2013-02-22 08:23:17', 'Ready', '-', '-', 'Ready', '>> Ready!!!', 65),
(565, '2013-02-22 08:23:51', 'computer', 'textual_password', 'click', 'prompt_dialog', '>> Action: activate computer(ID95)&& Interaction: texual password <br/>', 65),
(566, '2013-02-22 08:23:58', 'get user input', 'textualPassword', '32633', '-', '>> You input is 32633', 65),
(567, '2013-02-22 08:24:03', 'television', 'graphical_password', 'click', 'prompt_dialog', '>> Action: activate television(ID38) && Interaction: graphical password(passpoint)<br/>', 65),
(568, '2013-02-22 08:24:17', 'get user click', 'passPoint', '5_1', '-', '>> You click is 5_1', 65),
(569, '2013-02-22 08:24:20', 'get user input', 'passPoint', '5_1', '-', '>> You input is 5_1', 65),
(570, '2013-02-22 08:24:34', 'refrigerator', 'graphical_password', 'click', 'prompt_dialog', '>> Action: activate refrigerator(ID347) && Interaction: graphical password(pattern unlock)<br/>', 65),
(571, '2013-02-22 08:24:40', 'get user input', 'patternUnlock', '2148965', '-', '>> You pattern is 2148965', 65),
(572, '2013-02-22 08:24:45', 'get user input', 'patternUnlock', '2148965', '-', '>> You input is 2148965', 65),
(573, '2013-02-22 08:24:55', 'click', '', 'next', '-', '>> saveing first password scenario', 65),
(574, '2013-02-22 08:24:59', 'Ready', '-', '-', 'Ready', '>> Ready!!!', 65),
(575, '2013-02-22 08:25:19', 'computer', 'textual_password', 'click', 'prompt_dialog', '>> Action: activate computer(ID103)&& Interaction: texual password <br/>', 65),
(576, '2013-02-22 08:25:24', 'get user input', 'textualPassword', '32633', '-', '>> You input is 32633', 65),
(577, '2013-02-22 08:25:27', 'television', 'graphical_password', 'click', 'prompt_dialog', '>> Action: activate television(ID38) && Interaction: graphical password(passpoint)<br/>', 65),
(578, '2013-02-22 08:25:30', 'get user click', 'passPoint', '5_1', '-', '>> You click is 5_1', 65),
(579, '2013-02-22 08:25:33', 'get user input', 'passPoint', '5_1', '-', '>> You input is 5_1', 65),
(580, '2013-02-22 08:25:36', 'refrigerator', 'graphical_password', 'click', 'prompt_dialog', '>> Action: activate refrigerator(ID281) && Interaction: graphical password(pattern unlock)<br/>', 65),
(581, '2013-02-22 08:25:39', 'get user input', 'patternUnlock', '2148965', '-', '>> You pattern is 2148965', 65),
(582, '2013-02-22 08:25:42', 'get user input', 'patternUnlock', '2148965', '-', '>> You input is 2148965', 65),
(583, '2013-02-22 08:25:45', 'click', '', 'finish', '-', '>> finish', 65),
(584, '2013-02-22 08:25:48', 'vertify', '-', '[computer]32633[television]5_1[refrigerator]2148965', 'passwordData', '>> vertify password', 65),
(585, '2013-02-22 08:25:54', 'Ready', '-', '-', 'Ready', '>> Ready!!!', 66),
(586, '2013-02-22 08:26:13', 'get user input', 'username', 'fahfha', '-', '>> You input username is fahfha', 66),
(587, '2013-02-22 08:26:27', 'computer', 'textual_password', 'click', 'prompt_dialog', '>> Action: activate computer(ID57)&& Interaction: texual password <br/>', 66),
(588, '2013-02-22 08:26:31', 'get user input', 'textualPassword', '32633', '-', '>> You input is 32633', 66),
(589, '2013-02-22 08:26:36', 'television', 'graphical_password', 'click', 'prompt_dialog', '>> Action: activate television(ID38) && Interaction: graphical password(passpoint)<br/>', 66),
(590, '2013-02-22 08:26:39', 'get user click', 'passPoint', '5_1', '-', '>> You click is 5_1', 66),
(591, '2013-02-22 08:26:42', 'get user input', 'passPoint', '5_1', '-', '>> You input is 5_1', 66),
(592, '2013-02-22 08:26:45', 'refrigerator', 'graphical_password', 'click', 'prompt_dialog', '>> Action: activate refrigerator(ID347) && Interaction: graphical password(pattern unlock)<br/>', 66),
(593, '2013-02-22 08:26:48', 'get user input', 'patternUnlock', '2148965', '-', '>> You pattern is 2148965', 66),
(594, '2013-02-22 08:26:51', 'get user input', 'patternUnlock', '2148965', '-', '>> You input is 2148965', 66),
(595, '2013-02-22 08:26:55', 'vertify', '-', '[computer]32633[television]5_1[refrigerator]2148965', 'passwordData', '>> vertify username and password', 66),
(596, '2013-02-22 08:26:57', 'End mode', '-', 'user', 'passwordSuccess', '>> redirect to user page', 66),
(597, '2013-02-22 08:27:10', 'Ready', '-', '-', 'Ready', '>> Ready!!!', 67),
(598, '2013-02-22 08:27:28', 'Start mode', '-', '-', 'forgot password', '>> User click forgot password', 67),
(599, '2013-02-22 08:27:51', '-', '-', '-', 'error', '>> Username & E-mail not found in database', 68),
(600, '2013-02-22 08:28:24', 'Ready', '-', '-', 'Ready', '>> Ready!!!', 68),
(601, '2013-02-22 08:28:50', 'computer', 'textual_password', 'click', 'prompt_dialog', '>> Action: activate computer(ID57)&& Interaction: texual password <br/>', 68),
(602, '2013-02-22 08:28:54', 'get user input', 'textualPassword', 'r32633', '-', '>> You input is r32633', 68),
(603, '2013-02-22 08:28:57', 'television', 'graphical_password', 'click', 'prompt_dialog', '>> Action: activate television(ID38) && Interaction: graphical password(passpoint)<br/>', 68),
(604, '2013-02-22 08:29:00', 'get user click', 'passPoint', '5_1', '-', '>> You click is 5_1', 68),
(605, '2013-02-22 08:29:03', 'get user input', 'passPoint', '5_1', '-', '>> You input is 5_1', 68),
(606, '2013-02-22 08:29:06', 'refrigerator', 'graphical_password', 'click', 'prompt_dialog', '>> Action: activate refrigerator(ID347) && Interaction: graphical password(pattern unlock)<br/>', 68),
(607, '2013-02-22 08:29:09', 'get user input', 'patternUnlock', '2148965', '-', '>> You pattern is 2148965', 68),
(608, '2013-02-22 08:29:12', 'get user input', 'patternUnlock', '2148965', '-', '>> You input is 2148965', 68),
(609, '2013-02-22 08:29:15', 'click', '', 'next', '-', '>> saveing first password scenario', 68),
(610, '2013-02-22 08:29:19', 'Ready', '-', '-', 'Ready', '>> Ready!!!', 68),
(611, '2013-02-22 08:29:44', 'computer', 'textual_password', 'click', 'prompt_dialog', '>> Action: activate computer(ID57)&& Interaction: texual password <br/>', 68),
(612, '2013-02-22 08:29:47', 'get user input', 'textualPassword', '32633', '-', '>> You input is 32633', 68),
(613, '2013-02-22 08:29:50', 'television', 'graphical_password', 'click', 'prompt_dialog', '>> Action: activate television(ID38) && Interaction: graphical password(passpoint)<br/>', 68),
(614, '2013-02-22 08:29:54', 'get user click', 'passPoint', '5_1', '-', '>> You click is 5_1', 68),
(615, '2013-02-22 08:29:57', 'get user input', 'passPoint', '5_1', '-', '>> You input is 5_1', 68),
(616, '2013-02-22 08:30:00', 'refrigerator', 'graphical_password', 'click', 'prompt_dialog', '>> Action: activate refrigerator(ID347) && Interaction: graphical password(pattern unlock)<br/>', 68),
(617, '2013-02-22 08:30:03', 'get user input', 'patternUnlock', '214789', '-', '>> You pattern is 214789', 68),
(618, '2013-02-22 08:30:06', 'refrigerator', 'graphical_password', 'click', 'prompt_dialog', '>> Action: activate refrigerator(ID347) && Interaction: graphical password(pattern unlock)<br/>', 68),
(619, '2013-02-22 08:30:09', 'get user input', 'patternUnlock', '2148965', '-', '>> You pattern is 2148965', 68),
(620, '2013-02-22 08:30:12', 'get user input', 'patternUnlock', '2148965', '-', '>> You input is 2148965', 68),
(621, '2013-02-22 08:30:19', 'click', '', 'finish', '-', '>> finish', 68),
(622, '2013-02-22 08:30:22', '-', '-', '-', 'error', '>> password not match', 68),
(623, '2013-02-22 08:30:26', 'Ready', '-', '-', 'Ready', '>> Ready!!!', 68),
(624, '2013-02-22 08:30:46', 'computer', 'textual_password', 'click', 'prompt_dialog', '>> Action: activate computer(ID57)&& Interaction: texual password <br/>', 68),
(625, '2013-02-22 08:30:50', 'get user input', 'textualPassword', '32633', '-', '>> You input is 32633', 68),
(626, '2013-02-22 08:30:53', 'television', 'graphical_password', 'click', 'prompt_dialog', '>> Action: activate television(ID38) && Interaction: graphical password(passpoint)<br/>', 68),
(627, '2013-02-22 08:30:56', 'get user click', 'passPoint', '5_1', '-', '>> You click is 5_1', 68),
(628, '2013-02-22 08:30:59', 'get user input', 'passPoint', '5_1', '-', '>> You input is 5_1', 68),
(629, '2013-02-22 08:31:02', 'refrigerator', 'graphical_password', 'click', 'prompt_dialog', '>> Action: activate refrigerator(ID347) && Interaction: graphical password(pattern unlock)<br/>', 68),
(630, '2013-02-22 08:31:05', 'get user input', 'patternUnlock', '2148965', '-', '>> You pattern is 2148965', 68),
(631, '2013-02-22 08:31:08', 'get user input', 'patternUnlock', '2148965', '-', '>> You input is 2148965', 68),
(632, '2013-02-22 08:31:11', 'click', '', 'next', '-', '>> saveing first password scenario', 68),
(633, '2013-02-22 08:31:14', 'click', '', 'next', '-', '>> saveing first password scenario', 68),
(634, '2013-02-22 08:31:18', 'Ready', '-', '-', 'Ready', '>> Ready!!!', 68),
(635, '2013-02-22 08:32:09', 'Ready', '-', '-', 'Ready', '>> Ready!!!', 68),
(636, '2013-02-22 08:32:27', 'computer', 'textual_password', 'click', 'prompt_dialog', '>> Action: activate computer(ID57)&& Interaction: texual password <br/>', 68),
(637, '2013-02-22 08:32:33', 'get user input', 'textualPassword', '32633', '-', '>> You input is 32633', 68),
(638, '2013-02-22 08:32:36', 'television', 'graphical_password', 'click', 'prompt_dialog', '>> Action: activate television(ID38) && Interaction: graphical password(passpoint)<br/>', 68),
(639, '2013-02-22 08:32:39', 'get user click', 'passPoint', '5_1', '-', '>> You click is 5_1', 68),
(640, '2013-02-22 08:32:42', 'get user input', 'passPoint', '5_1', '-', '>> You input is 5_1', 68),
(641, '2013-02-22 08:32:45', 'refrigerator', 'graphical_password', 'click', 'prompt_dialog', '>> Action: activate refrigerator(ID347) && Interaction: graphical password(pattern unlock)<br/>', 68),
(642, '2013-02-22 08:32:48', 'get user input', 'patternUnlock', '2148965', '-', '>> You pattern is 2148965', 68),
(643, '2013-02-22 08:32:51', 'get user input', 'patternUnlock', '2148965', '-', '>> You input is 2148965', 68),
(644, '2013-02-22 08:32:55', 'click', '', 'finish', '-', '>> finish', 68),
(645, '2013-02-22 08:32:58', 'vertify', '-', '[computer]32633[television]5_1[refrigerator]2148965', 'passwordData', '>> vertify password', 68),
(646, '2013-02-22 08:33:05', 'Ready', '-', '-', 'Ready', '>> Ready!!!', 69),
(647, '2013-02-22 08:33:25', 'get user input', 'username', 'dah', '-', '>> You input username is dah', 69),
(648, '2013-02-22 08:33:28', 'get user input', 'username', '', '-', '>> You input username is ', 69),
(649, '2013-02-22 08:33:31', 'get user input', 'username', 'fahfha', '-', '>> You input username is fahfha', 69),
(650, '2013-02-22 08:33:40', 'computer', 'textual_password', 'click', 'prompt_dialog', '>> Action: activate computer(ID57)&& Interaction: texual password <br/>', 69),
(651, '2013-02-22 08:33:45', 'get user input', 'textualPassword', '32633', '-', '>> You input is 32633', 69),
(652, '2013-02-22 08:33:48', 'television', 'graphical_password', 'click', 'prompt_dialog', '>> Action: activate television(ID38) && Interaction: graphical password(passpoint)<br/>', 69),
(653, '2013-02-22 08:33:51', 'get user click', 'passPoint', '5_1', '-', '>> You click is 5_1', 69),
(654, '2013-02-22 08:33:54', 'get user input', 'passPoint', '5_1', '-', '>> You input is 5_1', 69),
(655, '2013-02-22 08:33:57', 'refrigerator', 'graphical_password', 'click', 'prompt_dialog', '>> Action: activate refrigerator(ID301) && Interaction: graphical password(pattern unlock)<br/>', 69),
(656, '2013-02-22 08:34:00', 'get user input', 'patternUnlock', '2148965', '-', '>> You pattern is 2148965', 69),
(657, '2013-02-22 08:34:03', 'get user input', 'patternUnlock', '2148965', '-', '>> You input is 2148965', 69),
(658, '2013-02-22 08:34:07', 'vertify', '-', '[computer]32633[television]5_1[refrigerator]2148965', 'passwordData', '>> vertify username and password', 69),
(659, '2013-02-22 08:34:09', 'End mode', '-', 'user', 'passwordSuccess', '>> redirect to user page', 69),
(660, '2013-02-22 08:34:16', 'Ready', '-', '-', 'Ready', '>> Ready!!!', 70),
(661, '2013-02-22 08:35:53', 'Ready', '-', '-', 'Ready', '>> Ready!!!', 71),
(662, '2013-02-22 08:36:11', 'Start mode', '-', '-', 'registration', '>> User click registration', 72),
(663, '2013-02-22 08:36:14', '-', 'load instruction page', '-', '-', '>> User read instruction', 72),
(664, '2013-02-22 08:36:17', '-', 'load registation form page', '-', '-', '>> User fill information', 72),
(665, '2013-02-22 08:37:32', 'Ready', '-', '-', 'Ready', '>> Ready!!!', 72),
(666, '2013-02-22 08:37:51', 'picture of SWU', 'graphical_password', 'click', 'prompt_dialog', '>> Action: activate picture of SWU(ID23) && Interaction: graphical password(passpoint)<br/>', 72),
(667, '2013-02-22 08:37:55', 'get user click', 'passPoint', '1_3', '-', '>> You click is 1_3', 72),
(668, '2013-02-22 08:37:58', 'get user input', 'passPoint', '1_3', '-', '>> You input is 1_3', 72),
(669, '2013-02-22 08:38:14', 'computer', 'textual_password', 'click', 'prompt_dialog', '>> Action: activate computer(ID57)&& Interaction: texual password <br/>', 72),
(670, '2013-02-22 08:38:19', 'get user input', 'textualPassword', '323909', '-', '>> You input is 323909', 72),
(671, '2013-02-22 08:38:22', 'click', '', 'next', '-', '>> saveing first password scenario', 72),
(672, '2013-02-22 08:38:26', 'Ready', '-', '-', 'Ready', '>> Ready!!!', 72),
(673, '2013-02-22 08:38:49', 'picture of SWU', 'graphical_password', 'click', 'prompt_dialog', '>> Action: activate picture of SWU(ID2) && Interaction: graphical password(passpoint)<br/>', 72),
(674, '2013-02-22 08:38:52', 'get user click', 'passPoint', '1_3', '-', '>> You click is 1_3', 72),
(675, '2013-02-22 08:38:55', 'get user input', 'passPoint', '1_3', '-', '>> You input is 1_3', 72),
(676, '2013-02-22 08:38:58', 'computer', 'textual_password', 'click', 'prompt_dialog', '>> Action: activate computer(ID57)&& Interaction: texual password <br/>', 72),
(677, '2013-02-22 08:39:01', 'get user input', 'textualPassword', '323909', '-', '>> You input is 323909', 72),
(678, '2013-02-22 08:39:04', 'click', '', 'finish', '-', '>> finish', 72),
(679, '2013-02-22 08:39:07', 'vertify', '-', '[pictureOfSWU]1_3[computer]323909', 'passwordData', '>> vertify password', 72),
(680, '2013-02-22 08:39:13', 'Ready', '-', '-', 'Ready', '>> Ready!!!', 73),
(681, '2013-02-22 08:39:36', 'get user input', 'username', 'Ka-Kla', '-', '>> You input username is Ka-Kla', 73),
(682, '2013-02-22 08:39:39', 'picture of SWU', 'graphical_password', 'click', 'prompt_dialog', '>> Action: activate picture of SWU(ID23) && Interaction: graphical password(passpoint)<br/>', 73),
(683, '2013-02-22 08:39:42', 'get user click', 'passPoint', '1_3', '-', '>> You click is 1_3', 73),
(684, '2013-02-22 08:39:45', 'get user input', 'passPoint', '1_3', '-', '>> You input is 1_3', 73),
(685, '2013-02-22 08:39:48', 'computer', 'textual_password', 'click', 'prompt_dialog', '>> Action: activate computer(ID57)&& Interaction: texual password <br/>', 73),
(686, '2013-02-22 08:39:51', 'get user input', 'textualPassword', '323909', '-', '>> You input is 323909', 73),
(687, '2013-02-22 08:40:00', 'vertify', '-', '[pictureOfSWU]1_3[computer]323909', 'passwordData', '>> vertify username and password', 73),
(688, '2013-02-22 08:40:02', 'End mode', '-', 'user', 'passwordSuccess', '>> redirect to user page', 73),
(689, '2013-02-22 08:40:09', 'Ready', '-', '-', 'Ready', '>> Ready!!!', 74),
(690, '2013-02-22 08:40:29', 'Start mode', '-', '-', 'forgot password', '>> User click forgot password', 74),
(691, '2013-02-22 08:40:47', 'Ready', '-', '-', 'Ready', '>> Ready!!!', 75),
(692, '2013-02-22 08:41:03', 'television', 'graphical_password', 'click', 'prompt_dialog', '>> Action: activate television(ID38) && Interaction: graphical password(passpoint)<br/>', 75),
(693, '2013-02-22 08:41:09', 'get user click', 'passPoint', '1_15', '-', '>> You click is 1_15', 75),
(694, '2013-02-22 08:41:12', 'get user input', 'passPoint', '1_15', '-', '>> You input is 1_15', 75),
(695, '2013-02-22 08:41:15', 'refrigerator', 'graphical_password', 'click', 'prompt_dialog', '>> Action: activate refrigerator(ID347) && Interaction: graphical password(pattern unlock)<br/>', 75),
(696, '2013-02-22 08:41:21', 'get user input', 'patternUnlock', '36987415', '-', '>> You pattern is 36987415', 75),
(697, '2013-02-22 08:41:24', 'get user input', 'patternUnlock', '36987415', '-', '>> You input is 36987415', 75),
(698, '2013-02-22 08:41:27', 'click', '', 'next', '-', '>> saveing first password scenario', 75),
(699, '2013-02-22 08:41:30', 'Ready', '-', '-', 'Ready', '>> Ready!!!', 75),
(700, '2013-02-22 08:41:50', 'television', 'graphical_password', 'click', 'prompt_dialog', '>> Action: activate television(ID38) && Interaction: graphical password(passpoint)<br/>', 75),
(701, '2013-02-22 08:41:53', 'get user click', 'passPoint', '1_15', '-', '>> You click is 1_15', 75),
(702, '2013-02-22 08:41:56', 'get user input', 'passPoint', '1_15', '-', '>> You input is 1_15', 75),
(703, '2013-02-22 08:42:00', 'refrigerator', 'graphical_password', 'click', 'prompt_dialog', '>> Action: activate refrigerator(ID347) && Interaction: graphical password(pattern unlock)<br/>', 75),
(704, '2013-02-22 08:42:03', 'get user input', 'patternUnlock', '36987415', '-', '>> You pattern is 36987415', 75),
(705, '2013-02-22 08:42:06', 'get user input', 'patternUnlock', '36987415', '-', '>> You input is 36987415', 75),
(706, '2013-02-22 08:42:09', 'click', '', 'finish', '-', '>> finish', 75),
(707, '2013-02-22 08:42:13', 'vertify', '-', '[television]1_15[refrigerator]36987415', 'passwordData', '>> vertify password', 75),
(708, '2013-02-22 08:42:19', 'Ready', '-', '-', 'Ready', '>> Ready!!!', 76),
(709, '2013-02-22 08:42:39', 'get user input', 'username', 'Ka-', '-', '>> You input username is Ka-', 76),
(710, '2013-02-22 08:42:42', 'get user input', 'username', 'Ka-Kla', '-', '>> You input username is Ka-Kla', 76),
(711, '2013-02-22 08:42:49', 'television', 'graphical_password', 'click', 'prompt_dialog', '>> Action: activate television(ID38) && Interaction: graphical password(passpoint)<br/>', 76),
(712, '2013-02-22 08:42:52', 'get user click', 'passPoint', '1_15', '-', '>> You click is 1_15', 76),
(713, '2013-02-22 08:42:55', 'get user input', 'passPoint', '1_15', '-', '>> You input is 1_15', 76),
(714, '2013-02-22 08:42:58', 'refrigerator', 'graphical_password', 'click', 'prompt_dialog', '>> Action: activate refrigerator(ID347) && Interaction: graphical password(pattern unlock)<br/>', 76),
(715, '2013-02-22 08:43:01', 'get user input', 'patternUnlock', '36987415', '-', '>> You pattern is 36987415', 76),
(716, '2013-02-22 08:43:04', 'get user input', 'patternUnlock', '36987415', '-', '>> You input is 36987415', 76),
(717, '2013-02-22 08:43:08', 'vertify', '-', '[television]1_15[refrigerator]36987415', 'passwordData', '>> vertify username and password', 76),
(718, '2013-02-22 08:43:10', 'End mode', '-', 'user', 'passwordSuccess', '>> redirect to user page', 76),
(719, '2013-02-22 08:43:17', 'Ready', '-', '-', 'Ready', '>> Ready!!!', 77),
(720, '2013-02-22 08:46:22', 'Ready', '-', '-', 'Ready', '>> Ready!!!', 78),
(721, '2013-02-22 08:46:40', 'Start mode', '-', '-', 'registration', '>> User click registration', 78),
(722, '2013-02-22 08:46:40', '-', 'load instruction page', '-', '-', '>> User read instruction', 79),
(723, '2013-02-22 08:46:45', '-', 'load registation form page', '-', '-', '>> User fill information', 79),
(724, '2013-02-22 08:47:35', 'Ready', '-', '-', 'Ready', '>> Ready!!!', 79),
(725, '2013-02-22 08:47:58', 'television', 'graphical_password', 'click', 'prompt_dialog', '>> Action: activate television(ID38) && Interaction: graphical password(passpoint)<br/>', 79),
(726, '2013-02-22 08:48:07', 'get user click', 'passPoint', '10_1', '-', '>> You click is 10_1', 79),
(727, '2013-02-22 08:48:10', 'get user input', 'passPoint', '10_1', '-', '>> You input is 10_1', 79),
(728, '2013-02-22 08:48:16', 'refrigerator', 'graphical_password', 'click', 'prompt_dialog', '>> Action: activate refrigerator(ID347) && Interaction: graphical password(pattern unlock)<br/>', 79),
(729, '2013-02-22 08:48:21', 'get user input', 'patternUnlock', '36987412', '-', '>> You pattern is 36987412', 79),
(730, '2013-02-22 08:48:24', 'get user input', 'patternUnlock', '36987412', '-', '>> You input is 36987412', 79),
(731, '2013-02-22 08:48:27', 'click', '', 'next', '-', '>> saveing first password scenario', 79),
(732, '2013-02-22 08:48:31', 'Ready', '-', '-', 'Ready', '>> Ready!!!', 79),
(733, '2013-02-22 08:48:48', 'television', 'graphical_password', 'click', 'prompt_dialog', '>> Action: activate television(ID38) && Interaction: graphical password(passpoint)<br/>', 79),
(734, '2013-02-22 08:48:51', 'get user click', 'passPoint', '10_1', '-', '>> You click is 10_1', 79),
(735, '2013-02-22 08:48:54', 'get user input', 'passPoint', '10_1', '-', '>> You input is 10_1', 79),
(736, '2013-02-22 08:48:57', 'refrigerator', 'graphical_password', 'click', 'prompt_dialog', '>> Action: activate refrigerator(ID347) && Interaction: graphical password(pattern unlock)<br/>', 79),
(737, '2013-02-22 08:49:01', 'get user input', 'patternUnlock', '36987412', '-', '>> You pattern is 36987412', 79),
(738, '2013-02-22 08:49:04', 'get user input', 'patternUnlock', '36987412', '-', '>> You input is 36987412', 79),
(739, '2013-02-22 08:49:12', 'click', '', 'finish', '-', '>> finish', 79),
(740, '2013-02-22 08:49:15', 'vertify', '-', '[television]10_1[refrigerator]36987412', 'passwordData', '>> vertify password', 79),
(741, '2013-02-22 08:49:21', 'Ready', '-', '-', 'Ready', '>> Ready!!!', 80),
(742, '2013-02-22 08:49:39', 'get user input', 'username', 'bank', '-', '>> You input username is bank', 80),
(743, '2013-02-22 08:49:42', 'television', 'graphical_password', 'click', 'prompt_dialog', '>> Action: activate television(ID38) && Interaction: graphical password(passpoint)<br/>', 80),
(744, '2013-02-22 08:49:45', 'get user click', 'passPoint', '10_1', '-', '>> You click is 10_1', 80),
(745, '2013-02-22 08:49:48', 'get user input', 'passPoint', '10_1', '-', '>> You input is 10_1', 80),
(746, '2013-02-22 08:49:51', 'refrigerator', 'graphical_password', 'click', 'prompt_dialog', '>> Action: activate refrigerator(ID347) && Interaction: graphical password(pattern unlock)<br/>', 80),
(747, '2013-02-22 08:49:54', 'get user input', 'patternUnlock', '36987412', '-', '>> You pattern is 36987412', 80),
(748, '2013-02-22 08:49:57', 'get user input', 'patternUnlock', '36987412', '-', '>> You input is 36987412', 80),
(749, '2013-02-22 08:50:01', 'vertify', '-', '[television]10_1[refrigerator]36987412', 'passwordData', '>> vertify username and password', 80),
(750, '2013-02-22 08:50:03', 'End mode', '-', 'user', 'passwordSuccess', '>> redirect to user page', 80),
(751, '2013-02-22 08:50:13', 'Ready', '-', '-', 'Ready', '>> Ready!!!', 81),
(752, '2013-02-22 08:50:33', 'Start mode', '-', '-', 'forgot password', '>> User click forgot password', 81),
(753, '2013-02-22 08:50:48', 'Ready', '-', '-', 'Ready', '>> Ready!!!', 82),
(754, '2013-02-22 08:51:16', 'refrigerator', 'graphical_password', 'click', 'prompt_dialog', '>> Action: activate refrigerator(ID347) && Interaction: graphical password(pattern unlock)<br/>', 82),
(755, '2013-02-22 08:51:19', 'get user input', 'patternUnlock', '36987412', '-', '>> You pattern is 36987412', 82),
(756, '2013-02-22 08:51:33', 'refrigerator', 'graphical_password', 'click', 'prompt_dialog', '>> Action: activate refrigerator(ID347) && Interaction: graphical password(pattern unlock)<br/>', 82),
(757, '2013-02-22 08:51:36', 'get user input', 'patternUnlock', '36987412', '-', '>> You pattern is 36987412', 82),
(758, '2013-02-22 08:51:39', 'get user input', 'patternUnlock', '36987412', '-', '>> You input is 36987412', 82),
(759, '2013-02-22 08:51:47', 'Ready', '-', '-', 'Ready', '>> Ready!!!', 82),
(760, '2013-02-22 08:52:05', 'click', '', 'reset', '-', '>> Reset user scenario', 82),
(761, '2013-02-22 08:52:53', 'Ready', '-', '-', 'Ready', '>> Ready!!!', 82),
(762, '2013-02-22 08:53:11', 'refrigerator', 'graphical_password', 'click', 'prompt_dialog', '>> Action: activate refrigerator(ID281) && Interaction: graphical password(pattern unlock)<br/>', 82),
(763, '2013-02-22 08:53:15', 'get user input', 'patternUnlock', '36987412', '-', '>> You pattern is 36987412', 82),
(764, '2013-02-22 08:53:18', 'get user input', 'patternUnlock', '36987412', '-', '>> You input is 36987412', 82),
(765, '2013-02-22 08:53:21', 'television', 'graphical_password', 'click', 'prompt_dialog', '>> Action: activate television(ID38) && Interaction: graphical password(passpoint)<br/>', 82),
(766, '2013-02-22 08:53:24', 'get user click', 'passPoint', '10_1', '-', '>> You click is 10_1', 82),
(767, '2013-02-22 08:53:27', 'get user input', 'passPoint', '10_1', '-', '>> You input is 10_1', 82),
(768, '2013-02-22 08:53:30', 'click', '', 'next', '-', '>> saveing first password scenario', 82),
(769, '2013-02-22 08:53:34', 'Ready', '-', '-', 'Ready', '>> Ready!!!', 82),
(770, '2013-02-22 08:53:55', 'refrigerator', 'graphical_password', 'click', 'prompt_dialog', '>> Action: activate refrigerator(ID347) && Interaction: graphical password(pattern unlock)<br/>', 82),
(771, '2013-02-22 08:53:58', 'get user input', 'patternUnlock', '36987412', '-', '>> You pattern is 36987412', 82),
(772, '2013-02-22 08:54:01', 'get user input', 'patternUnlock', '36987412', '-', '>> You input is 36987412', 82),
(773, '2013-02-22 08:54:04', 'television', 'graphical_password', 'click', 'prompt_dialog', '>> Action: activate television(ID38) && Interaction: graphical password(passpoint)<br/>', 82),
(774, '2013-02-22 08:54:07', 'get user click', 'passPoint', '10_1', '-', '>> You click is 10_1', 82),
(775, '2013-02-22 08:54:10', 'get user input', 'passPoint', '10_1', '-', '>> You input is 10_1', 82),
(776, '2013-02-22 08:54:13', 'click', '', 'finish', '-', '>> finish', 82),
(777, '2013-02-22 08:54:16', 'vertify', '-', '[refrigerator]36987412[television]10_1', 'passwordData', '>> vertify password', 82),
(778, '2013-02-22 08:54:23', 'Ready', '-', '-', 'Ready', '>> Ready!!!', 83),
(779, '2013-02-22 08:54:51', 'get user input', 'username', 'bank', '-', '>> You input username is bank', 83),
(780, '2013-02-22 08:55:17', 'refrigerator', 'graphical_password', 'click', 'prompt_dialog', '>> Action: activate refrigerator(ID347) && Interaction: graphical password(pattern unlock)<br/>', 83),
(781, '2013-02-22 08:55:20', 'get user input', 'patternUnlock', '36897412', '-', '>> You pattern is 36897412', 83),
(782, '2013-02-22 08:55:24', 'get user input', 'patternUnlock', '36897412', '-', '>> You input is 36897412', 83),
(783, '2013-02-22 08:55:27', 'television', 'graphical_password', 'click', 'prompt_dialog', '>> Action: activate television(ID38) && Interaction: graphical password(passpoint)<br/>', 83),
(784, '2013-02-22 08:55:30', 'get user click', 'passPoint', '10_1', '-', '>> You click is 10_1', 83),
(785, '2013-02-22 08:55:33', 'get user input', 'passPoint', '10_1', '-', '>> You input is 10_1', 83),
(786, '2013-02-22 08:55:41', 'vertify', '-', '[refrigerator]36897412[television]10_1', 'passwordData', '>> vertify username and password', 83),
(787, '2013-02-22 08:55:42', 'End mode', '-', '[refrigerator]36897412[television]10_1', 'fail', '>> username and password incorrect', 83),
(788, '2013-02-22 08:55:47', 'Ready', '-', '-', 'Ready', '>> Ready!!!', 83),
(789, '2013-02-22 08:56:06', 'get user input', 'username', 'bank', '-', '>> You input username is bank', 83),
(790, '2013-02-22 08:56:13', 'refrigerator', 'graphical_password', 'click', 'prompt_dialog', '>> Action: activate refrigerator(ID347) && Interaction: graphical password(pattern unlock)<br/>', 83),
(791, '2013-02-22 08:56:16', 'get user input', 'patternUnlock', '36987412', '-', '>> You pattern is 36987412', 83),
(792, '2013-02-22 08:56:19', 'get user input', 'patternUnlock', '36987412', '-', '>> You input is 36987412', 83),
(793, '2013-02-22 08:56:22', 'television', 'graphical_password', 'click', 'prompt_dialog', '>> Action: activate television(ID38) && Interaction: graphical password(passpoint)<br/>', 83),
(794, '2013-02-22 08:56:25', 'get user click', 'passPoint', '10_1', '-', '>> You click is 10_1', 83),
(795, '2013-02-22 08:56:28', 'get user input', 'passPoint', '10_1', '-', '>> You input is 10_1', 83),
(796, '2013-02-22 08:56:32', 'vertify', '-', '[refrigerator]36987412[television]10_1', 'passwordData', '>> vertify username and password', 83),
(797, '2013-02-22 08:56:34', 'End mode', '-', 'user', 'passwordSuccess', '>> redirect to user page', 83),
(798, '2013-02-22 08:57:01', 'Ready', '-', '-', 'Ready', '>> Ready!!!', 84),
(799, '2013-02-22 08:58:56', 'Ready', '-', '-', 'Ready', '>> Ready!!!', 85),
(800, '2013-02-22 09:00:24', 'television', 'graphical_password', 'click', 'prompt_dialog', '>> Action: activate television(ID38) && Interaction: graphical password(passpoint)<br/>', 85),
(801, '2013-02-22 09:00:29', 'television', 'graphical_password', 'click', 'prompt_dialog', '>> Action: activate television(ID38) && Interaction: graphical password(passpoint)<br/>', 85),
(802, '2013-02-22 09:00:39', 'Start mode', '-', '-', 'registration', '>> User click registration', 85),
(803, '2013-02-22 09:00:39', '-', 'load instruction page', '-', '-', '>> User read instruction', 86),
(804, '2013-02-22 09:00:47', '-', 'load registation form page', '-', '-', '>> User fill information', 86),
(805, '2013-02-22 09:03:46', 'Ready', '-', '-', 'Ready', '>> Ready!!!', 86),
(806, '2013-02-22 09:04:37', 'computer', 'textual_password', 'click', 'prompt_dialog', '>> Action: activate computer(ID57)&& Interaction: texual password <br/>', 86),
(807, '2013-02-22 09:04:43', 'get user input', 'textualPassword', '2234', '-', '>> You input is 2234', 86),
(808, '2013-02-22 09:05:12', 'television', 'graphical_password', 'click', 'prompt_dialog', '>> Action: activate television(ID38) && Interaction: graphical password(passpoint)<br/>', 86),
(809, '2013-02-22 09:05:27', 'get user click', 'passPoint', '5_5', '-', '>> You click is 5_5', 86),
(810, '2013-02-22 09:05:30', 'get user input', 'passPoint', '5_5', '-', '>> You input is 5_5', 86),
(811, '2013-02-22 09:05:33', 'click', '', 'next', '-', '>> saveing first password scenario', 86),
(812, '2013-02-22 09:05:37', 'Ready', '-', '-', 'Ready', '>> Ready!!!', 86),
(813, '2013-02-22 09:06:00', 'computer', 'textual_password', 'click', 'prompt_dialog', '>> Action: activate computer(ID57)&& Interaction: texual password <br/>', 86),
(814, '2013-02-22 09:06:05', 'get user input', 'textualPassword', '2234', '-', '>> You input is 2234', 86),
(815, '2013-02-22 09:06:15', 'television', 'graphical_password', 'click', 'prompt_dialog', '>> Action: activate television(ID38) && Interaction: graphical password(passpoint)<br/>', 86),
(816, '2013-02-22 09:06:18', 'get user click', 'passPoint', '5_5', '-', '>> You click is 5_5', 86),
(817, '2013-02-22 09:06:21', 'get user input', 'passPoint', '5_5', '-', '>> You input is 5_5', 86),
(818, '2013-02-22 09:06:28', 'click', '', 'finish', '-', '>> finish', 86),
(819, '2013-02-22 09:06:31', 'vertify', '-', '[computer]2234[television]5_5', 'passwordData', '>> vertify password', 86),
(820, '2013-02-22 09:06:37', 'Ready', '-', '-', 'Ready', '>> Ready!!!', 87),
(821, '2013-02-22 09:07:04', 'computer', 'textual_password', 'click', 'prompt_dialog', '>> Action: activate computer(ID57)&& Interaction: texual password <br/>', 87),
(822, '2013-02-22 09:07:08', 'get user input', 'textualPassword', '2234', '-', '>> You input is 2234', 87),
(823, '2013-02-22 09:07:16', 'television', 'graphical_password', 'click', 'prompt_dialog', '>> Action: activate television(ID38) && Interaction: graphical password(passpoint)<br/>', 87),
(824, '2013-02-22 09:07:19', 'get user click', 'passPoint', '5_5', '-', '>> You click is 5_5', 87),
(825, '2013-02-22 09:07:22', 'get user input', 'passPoint', '5_5', '-', '>> You input is 5_5', 87),
(826, '2013-02-22 09:07:29', 'get user input', 'username', 'nanthisa', '-', '>> You input username is nanthisa', 87),
(827, '2013-02-22 09:07:33', 'vertify', '-', '[computer]2234[television]5_5', 'passwordData', '>> vertify username and password', 87),
(828, '2013-02-22 09:07:35', 'End mode', '-', 'user', 'passwordSuccess', '>> redirect to user page', 87),
(829, '2013-02-22 09:07:43', 'Ready', '-', '-', 'Ready', '>> Ready!!!', 88),
(830, '2013-02-22 09:08:04', 'Start mode', '-', '-', 'forgot password', '>> User click forgot password', 88),
(831, '2013-02-22 09:08:34', 'Ready', '-', '-', 'Ready', '>> Ready!!!', 89),
(832, '2013-02-22 09:09:17', 'computer', 'textual_password', 'click', 'prompt_dialog', '>> Action: activate computer(ID57)&& Interaction: texual password <br/>', 89),
(833, '2013-02-22 09:09:23', 'get user input', 'textualPassword', '2234', '-', '>> You input is 2234', 89),
(834, '2013-02-22 09:09:31', 'television', 'graphical_password', 'click', 'prompt_dialog', '>> Action: activate television(ID38) && Interaction: graphical password(passpoint)<br/>', 89),
(835, '2013-02-22 09:09:38', 'get user click', 'passPoint', '5_7', '-', '>> You click is 5_7', 89),
(836, '2013-02-22 09:09:41', 'get user input', 'passPoint', '5_7', '-', '>> You input is 5_7', 89),
(837, '2013-02-22 09:09:44', 'click', '', 'next', '-', '>> saveing first password scenario', 89),
(838, '2013-02-22 09:09:47', 'Ready', '-', '-', 'Ready', '>> Ready!!!', 89),
(839, '2013-02-22 09:10:09', 'computer', 'textual_password', 'click', 'prompt_dialog', '>> Action: activate computer(ID57)&& Interaction: texual password <br/>', 89),
(840, '2013-02-22 09:10:14', 'get user input', 'textualPassword', '2234', '-', '>> You input is 2234', 89),
(841, '2013-02-22 09:10:22', 'television', 'graphical_password', 'click', 'prompt_dialog', '>> Action: activate television(ID38) && Interaction: graphical password(passpoint)<br/>', 89),
(842, '2013-02-22 09:10:25', 'get user click', 'passPoint', '5_7', '-', '>> You click is 5_7', 89),
(843, '2013-02-22 09:10:28', 'get user input', 'passPoint', '5_7', '-', '>> You input is 5_7', 89),
(844, '2013-02-22 09:10:31', 'click', '', 'finish', '-', '>> finish', 89),
(845, '2013-02-22 09:10:34', 'vertify', '-', '[computer]2234[television]5_7', 'passwordData', '>> vertify password', 89),
(846, '2013-02-22 09:10:41', 'Ready', '-', '-', 'Ready', '>> Ready!!!', 90),
(847, '2013-02-22 09:11:02', 'computer', 'textual_password', 'click', 'prompt_dialog', '>> Action: activate computer(ID57)&& Interaction: texual password <br/>', 90),
(848, '2013-02-22 09:11:08', 'get user input', 'textualPassword', '2234', '-', '>> You input is 2234', 90),
(849, '2013-02-22 09:11:18', 'television', 'graphical_password', 'click', 'prompt_dialog', '>> Action: activate television(ID38) && Interaction: graphical password(passpoint)<br/>', 90),
(850, '2013-02-22 09:11:21', 'get user click', 'passPoint', '5_7', '-', '>> You click is 5_7', 90),
(851, '2013-02-22 09:11:24', 'get user input', 'passPoint', '5_7', '-', '>> You input is 5_7', 90),
(852, '2013-02-22 09:11:28', 'get user input', 'username', 'na', '-', '>> You input username is na', 90),
(853, '2013-02-22 09:11:31', 'get user input', 'username', 'nanthisa', '-', '>> You input username is nanthisa', 90),
(854, '2013-02-22 09:11:36', 'vertify', '-', '[computer]2234[television]5_7', 'passwordData', '>> vertify username and password', 90),
(855, '2013-02-22 09:11:38', 'End mode', '-', 'user', 'passwordSuccess', '>> redirect to user page', 90),
(856, '2013-02-22 09:11:47', 'Ready', '-', '-', 'Ready', '>> Ready!!!', 91),
(857, '2013-02-22 11:30:32', 'Ready', '-', '-', 'Ready', '>> Ready!!!', 92),
(858, '2013-02-22 11:31:49', 'television', 'graphical_password', 'click', 'prompt_dialog', '>> Action: activate television(ID38) && Interaction: graphical password(passpoint)<br/>', 92),
(859, '2013-02-22 11:32:00', 'Start mode', '-', '-', 'registration', '>> User click registration', 92),
(860, '2013-02-22 11:32:03', '-', 'load instruction page', '-', '-', '>> User read instruction', 93),
(861, '2013-02-22 11:32:06', '-', 'load registation form page', '-', '-', '>> User fill information', 93),
(862, '2013-02-22 11:32:57', 'Ready', '-', '-', 'Ready', '>> Ready!!!', 93),
(863, '2013-02-22 11:33:23', 'picture of SWU', 'graphical_password', 'click', 'prompt_dialog', '>> Action: activate picture of SWU(ID23) && Interaction: graphical password(passpoint)<br/>', 93),
(864, '2013-02-22 11:33:30', 'get user click', 'passPoint', '7_9', '-', '>> You click is 7_9', 93),
(865, '2013-02-22 11:33:33', 'get user input', 'passPoint', '7_9', '-', '>> You input is 7_9', 93),
(866, '2013-02-22 11:33:36', 'computer', 'textual_password', 'click', 'prompt_dialog', '>> Action: activate computer(ID57)&& Interaction: texual password <br/>', 93),
(867, '2013-02-22 11:33:47', 'get user input', 'textualPassword', 'kwang', '-', '>> You input is kwang', 93),
(868, '2013-02-22 11:33:51', 'click', '', 'next', '-', '>> saveing first password scenario', 93),
(869, '2013-02-22 11:33:55', 'Ready', '-', '-', 'Ready', '>> Ready!!!', 93),
(870, '2013-02-22 11:34:15', 'picture of SWU', 'graphical_password', 'click', 'prompt_dialog', '>> Action: activate picture of SWU(ID23) && Interaction: graphical password(passpoint)<br/>', 93),
(871, '2013-02-22 11:34:18', 'get user click', 'passPoint', '7_9', '-', '>> You click is 7_9', 93),
(872, '2013-02-22 11:34:21', 'get user input', 'passPoint', '7_9', '-', '>> You input is 7_9', 93),
(873, '2013-02-22 11:34:24', 'computer', 'textual_password', 'click', 'prompt_dialog', '>> Action: activate computer(ID57)&& Interaction: texual password <br/>', 93),
(874, '2013-02-22 11:34:38', 'get user input', 'textualPassword', 'kwang', '-', '>> You input is kwang', 93),
(875, '2013-02-22 11:34:45', 'click', '', 'finish', '-', '>> finish', 93),
(876, '2013-02-22 11:34:48', 'vertify', '-', '[pictureOfSWU]7_9[computer]kwang', 'passwordData', '>> vertify password', 93),
(877, '2013-02-22 11:34:54', 'Ready', '-', '-', 'Ready', '>> Ready!!!', 94),
(878, '2013-02-22 11:35:17', 'get user input', 'username', 'kwangwooaung', '-', '>> You input username is kwangwooaung', 94),
(879, '2013-02-22 11:35:27', 'get user input', 'username', 'kwangwooaungs', '-', '>> You input username is kwangwooaungs', 94),
(880, '2013-02-22 11:35:30', 'picture of SWU', 'graphical_password', 'click', 'prompt_dialog', '>> Action: activate picture of SWU(ID23) && Interaction: graphical password(passpoint)<br/>', 94),
(881, '2013-02-22 11:35:33', 'get user click', 'passPoint', '7_9', '-', '>> You click is 7_9', 94),
(882, '2013-02-22 11:35:36', 'get user input', 'passPoint', '7_9', '-', '>> You input is 7_9', 94),
(883, '2013-02-22 11:35:46', 'computer', 'textual_password', 'click', 'prompt_dialog', '>> Action: activate computer(ID57)&& Interaction: texual password <br/>', 94),
(884, '2013-02-22 11:35:50', 'get user input', 'textualPassword', 'kwang', '-', '>> You input is kwang', 94),
(885, '2013-02-22 11:35:55', 'vertify', '-', '[pictureOfSWU]7_9[computer]kwang', 'passwordData', '>> vertify username and password', 94),
(886, '2013-02-22 11:35:56', 'End mode', '-', '[pictureOfSWU]7_9[computer]kwang', 'fail', '>> username and password incorrect', 94),
(887, '2013-02-22 11:36:01', 'Ready', '-', '-', 'Ready', '>> Ready!!!', 94),
(888, '2013-02-22 11:36:54', 'get user input', 'username', 'kwangwooaung', '-', '>> You input username is kwangwooaung', 94),
(889, '2013-02-22 11:37:09', 'picture of SWU', 'graphical_password', 'click', 'prompt_dialog', '>> Action: activate picture of SWU(ID23) && Interaction: graphical password(passpoint)<br/>', 94),
(890, '2013-02-22 11:37:12', 'get user click', 'passPoint', '7_9', '-', '>> You click is 7_9', 94),
(891, '2013-02-22 11:37:15', 'get user remove', 'passPoint', '7_9', '-', '>> You remove click is 7_9', 94),
(892, '2013-02-22 11:37:18', 'get user click', 'passPoint', '7_9', '-', '>> You click is 7_9', 94),
(893, '2013-02-22 11:37:21', 'get user input', 'passPoint', '7_9', '-', '>> You input is 7_9', 94),
(894, '2013-02-22 11:37:24', 'computer', 'textual_password', 'click', 'prompt_dialog', '>> Action: activate computer(ID57)&& Interaction: texual password <br/>', 94),
(895, '2013-02-22 11:37:27', 'get user input', 'textualPassword', 'kwang', '-', '>> You input is kwang', 94),
(896, '2013-02-22 11:37:31', 'vertify', '-', '[pictureOfSWU]7_9[computer]kwang', 'passwordData', '>> vertify username and password', 94),
(897, '2013-02-22 11:37:33', 'End mode', '-', 'user', 'passwordSuccess', '>> redirect to user page', 94),
(898, '2013-02-22 11:37:42', 'Ready', '-', '-', 'Ready', '>> Ready!!!', 95),
(899, '2013-02-22 11:38:11', 'Start mode', '-', '-', 'forgot password', '>> User click forgot password', 95),
(900, '2013-02-22 11:38:39', 'Ready', '-', '-', 'Ready', '>> Ready!!!', 96),
(901, '2013-02-22 11:39:32', 'television', 'graphical_password', 'click', 'prompt_dialog', '>> Action: activate television(ID38) && Interaction: graphical password(passpoint)<br/>', 96),
(902, '2013-02-22 11:39:35', 'get user click', 'passPoint', '1_15', '-', '>> You click is 1_15', 96),
(903, '2013-02-22 11:39:38', 'get user input', 'passPoint', '1_15', '-', '>> You input is 1_15', 96),
(904, '2013-02-22 11:39:59', 'click', '', 'reset', '-', '>> Reset user scenario', 96),
(905, '2013-02-22 11:40:04', 'Ready', '-', '-', 'Ready', '>> Ready!!!', 96),
(906, '2013-02-22 11:40:26', 'refrigerator', 'graphical_password', 'click', 'prompt_dialog', '>> Action: activate refrigerator(ID347) && Interaction: graphical password(pattern unlock)<br/>', 96),
(907, '2013-02-22 11:52:50', 'get user input', 'patternUnlock', '3214789', '-', '>> You pattern is 3214789', 96),
(908, '2013-02-22 11:52:53', 'get user input', 'patternUnlock', '3214789', '-', '>> You input is 3214789', 96),
(909, '2013-02-22 11:52:56', 'television', 'graphical_password', 'click', 'prompt_dialog', '>> Action: activate television(ID38) && Interaction: graphical password(passpoint)<br/>', 96),
(910, '2013-02-22 11:52:59', 'get user click', 'passPoint', '10_1', '-', '>> You click is 10_1', 96),
(911, '2013-02-22 11:53:02', 'get user input', 'passPoint', '10_1', '-', '>> You input is 10_1', 96),
(912, '2013-02-22 11:53:05', 'refrigerator', 'graphical_password', 'click', 'prompt_dialog', '>> Action: activate refrigerator(ID281) && Interaction: graphical password(pattern unlock)<br/>', 96),
(913, '2013-02-22 11:53:08', 'get user input', 'patternUnlock', '1478963', '-', '>> You pattern is 1478963', 96),
(914, '2013-02-22 11:53:11', 'get user input', 'patternUnlock', '1478963', '-', '>> You input is 1478963', 96),
(915, '2013-02-22 11:53:15', 'click', '', 'next', '-', '>> saveing first password scenario', 96),
(916, '2013-02-22 11:53:18', 'Ready', '-', '-', 'Ready', '>> Ready!!!', 96),
(917, '2013-02-22 11:54:01', 'refrigerator', 'graphical_password', 'click', 'prompt_dialog', '>> Action: activate refrigerator(ID347) && Interaction: graphical password(pattern unlock)<br/>', 96),
(918, '2013-02-22 11:54:04', 'get user input', 'patternUnlock', '3214789', '-', '>> You pattern is 3214789', 96),
(919, '2013-02-22 11:54:07', 'get user input', 'patternUnlock', '3214789', '-', '>> You input is 3214789', 96),
(920, '2013-02-22 11:54:11', 'television', 'graphical_password', 'click', 'prompt_dialog', '>> Action: activate television(ID38) && Interaction: graphical password(passpoint)<br/>', 96),
(921, '2013-02-22 11:54:14', 'get user click', 'passPoint', '10_1', '-', '>> You click is 10_1', 96),
(922, '2013-02-22 11:54:17', 'get user input', 'passPoint', '10_1', '-', '>> You input is 10_1', 96),
(923, '2013-02-22 11:54:20', 'click', '', 'finish', '-', '>> finish', 96),
(924, '2013-02-22 11:54:27', '-', '-', '-', 'error', '>> password not match', 96),
(925, '2013-02-22 11:54:31', 'Ready', '-', '-', 'Ready', '>> Ready!!!', 96);
INSERT INTO `tbl_logdetail` (`logD_id`, `logD_time`, `logD_action`, `logD_interaction`, `logD_input`, `logD_status`, `logD_remark`, `logH_id`) VALUES
(926, '2013-02-22 11:55:01', 'Start mode', '-', '-', 'authentication', '>> Ready for authentication', 96),
(927, '2013-02-22 11:55:01', 'Ready', '-', '-', 'Ready', '>> Ready!!!', 97),
(928, '2013-02-22 11:55:19', 'Start mode', '-', '-', 'forgot password', '>> User click forgot password', 98),
(929, '2013-02-22 11:55:56', 'Ready', '-', '-', 'Ready', '>> Ready!!!', 98),
(930, '2013-02-22 11:56:15', 'refrigerator', 'graphical_password', 'click', 'prompt_dialog', '>> Action: activate refrigerator(ID347) && Interaction: graphical password(pattern unlock)<br/>', 98),
(931, '2013-02-22 11:56:19', 'get user input', 'patternUnlock', '1478963', '-', '>> You pattern is 1478963', 98),
(932, '2013-02-22 11:56:22', 'get user input', 'patternUnlock', '1478963', '-', '>> You input is 1478963', 98),
(933, '2013-02-22 11:56:25', 'refrigerator', 'graphical_password', 'click', 'prompt_dialog', '>> Action: activate refrigerator(ID347) && Interaction: graphical password(pattern unlock)<br/>', 98),
(934, '2013-02-22 11:56:28', 'get user input', 'patternUnlock', '7412369', '-', '>> You pattern is 7412369', 98),
(935, '2013-02-22 11:56:31', 'get user input', 'patternUnlock', '7412369', '-', '>> You input is 7412369', 98),
(936, '2013-02-22 11:56:34', 'refrigerator', 'graphical_password', 'click', 'prompt_dialog', '>> Action: activate refrigerator(ID347) && Interaction: graphical password(pattern unlock)<br/>', 98),
(937, '2013-02-22 11:56:37', 'get user input', 'patternUnlock', '3214789', '-', '>> You pattern is 3214789', 98),
(938, '2013-02-22 11:56:41', 'get user input', 'patternUnlock', '3214789', '-', '>> You input is 3214789', 98),
(939, '2013-02-22 11:56:44', 'click', '', 'next', '-', '>> saveing first password scenario', 98),
(940, '2013-02-22 11:56:47', 'Ready', '-', '-', 'Ready', '>> Ready!!!', 98),
(941, '2013-02-22 11:57:05', 'refrigerator', 'graphical_password', 'click', 'prompt_dialog', '>> Action: activate refrigerator(ID347) && Interaction: graphical password(pattern unlock)<br/>', 98),
(942, '2013-02-22 11:57:08', 'get user input', 'patternUnlock', '3698741', '-', '>> You pattern is 3698741', 98),
(943, '2013-02-22 11:57:11', 'get user input', 'patternUnlock', '3698741', '-', '>> You input is 3698741', 98),
(944, '2013-02-22 11:57:14', 'refrigerator', 'graphical_password', 'click', 'prompt_dialog', '>> Action: activate refrigerator(ID347) && Interaction: graphical password(pattern unlock)<br/>', 98),
(945, '2013-02-22 11:57:17', 'get user input', 'patternUnlock', '7412369', '-', '>> You pattern is 7412369', 98),
(946, '2013-02-22 11:57:20', 'get user input', 'patternUnlock', '7412369', '-', '>> You input is 7412369', 98),
(947, '2013-02-22 11:57:23', 'refrigerator', 'graphical_password', 'click', 'prompt_dialog', '>> Action: activate refrigerator(ID347) && Interaction: graphical password(pattern unlock)<br/>', 98),
(948, '2013-02-22 11:57:26', 'get user input', 'patternUnlock', '3214789', '-', '>> You pattern is 3214789', 98),
(949, '2013-02-22 11:57:29', 'get user input', 'patternUnlock', '3214789', '-', '>> You input is 3214789', 98),
(950, '2013-02-22 11:57:32', 'click', '', 'finish', '-', '>> finish', 98),
(951, '2013-02-22 11:57:39', '-', '-', '-', 'error', '>> password not match', 98),
(952, '2013-02-22 11:57:43', 'Ready', '-', '-', 'Ready', '>> Ready!!!', 98),
(953, '2013-02-22 11:58:02', 'refrigerator', 'graphical_password', 'click', 'prompt_dialog', '>> Action: activate refrigerator(ID347) && Interaction: graphical password(pattern unlock)<br/>', 98),
(954, '2013-02-22 11:58:05', 'get user input', 'patternUnlock', '3214789', '-', '>> You pattern is 3214789', 98),
(955, '2013-02-22 11:58:08', 'get user input', 'patternUnlock', '3214789', '-', '>> You input is 3214789', 98),
(956, '2013-02-22 11:58:11', 'refrigerator', 'graphical_password', 'click', 'prompt_dialog', '>> Action: activate refrigerator(ID347) && Interaction: graphical password(pattern unlock)<br/>', 98),
(957, '2013-02-22 11:58:14', 'get user input', 'patternUnlock', '1236987', '-', '>> You pattern is 1236987', 98),
(958, '2013-02-22 11:58:23', 'get user input', 'patternUnlock', '1236987', '-', '>> You pattern is 1236987', 98),
(959, '2013-02-22 11:58:26', 'get user input', 'patternUnlock', '1236987', '-', '>> You input is 1236987', 98),
(960, '2013-02-22 11:58:33', 'click', '', 'next', '-', '>> saveing first password scenario', 98),
(961, '2013-02-22 11:58:36', 'Ready', '-', '-', 'Ready', '>> Ready!!!', 98),
(962, '2013-02-22 11:58:54', 'refrigerator', 'graphical_password', 'click', 'prompt_dialog', '>> Action: activate refrigerator(ID347) && Interaction: graphical password(pattern unlock)<br/>', 98),
(963, '2013-02-22 11:58:57', 'get user input', 'patternUnlock', '3214789', '-', '>> You pattern is 3214789', 98),
(964, '2013-02-22 11:59:00', 'get user input', 'patternUnlock', '3214789', '-', '>> You input is 3214789', 98),
(965, '2013-02-22 11:59:03', 'refrigerator', 'graphical_password', 'click', 'prompt_dialog', '>> Action: activate refrigerator(ID347) && Interaction: graphical password(pattern unlock)<br/>', 98),
(966, '2013-02-22 11:59:06', 'get user input', 'patternUnlock', '1236987', '-', '>> You pattern is 1236987', 98),
(967, '2013-02-22 11:59:09', 'get user input', 'patternUnlock', '1236987', '-', '>> You input is 1236987', 98),
(968, '2013-02-22 11:59:12', 'click', '', 'finish', '-', '>> finish', 98),
(969, '2013-02-22 11:59:15', 'vertify', '-', '[refrigerator]3214789[refrigerator]1236987', 'passwordData', '>> vertify password', 98),
(970, '2013-02-22 11:59:22', 'Ready', '-', '-', 'Ready', '>> Ready!!!', 99),
(971, '2013-02-22 11:59:40', 'refrigerator', 'graphical_password', 'click', 'prompt_dialog', '>> Action: activate refrigerator(ID301) && Interaction: graphical password(pattern unlock)<br/>', 99),
(972, '2013-02-22 11:59:47', 'get user input', 'username', 'k', '-', '>> You input username is k', 99),
(973, '2013-02-22 11:59:52', 'get user input', 'username', 'kwangwooaung', '-', '>> You input username is kwangwooaung', 99),
(974, '2013-02-22 11:59:56', 'refrigerator', 'graphical_password', 'click', 'prompt_dialog', '>> Action: activate refrigerator(ID301) && Interaction: graphical password(pattern unlock)<br/>', 99),
(975, '2013-02-22 11:59:59', 'get user input', 'patternUnlock', '3214789', '-', '>> You pattern is 3214789', 99),
(976, '2013-02-22 12:00:02', 'get user input', 'patternUnlock', '3214789', '-', '>> You input is 3214789', 99),
(977, '2013-02-22 12:00:05', 'refrigerator', 'graphical_password', 'click', 'prompt_dialog', '>> Action: activate refrigerator(ID301) && Interaction: graphical password(pattern unlock)<br/>', 99),
(978, '2013-02-22 12:00:08', 'get user input', 'patternUnlock', '1236987', '-', '>> You pattern is 1236987', 99),
(979, '2013-02-22 12:00:11', 'get user input', 'patternUnlock', '1236987', '-', '>> You input is 1236987', 99),
(980, '2013-02-22 12:00:15', 'vertify', '-', '[refrigerator]3214789[refrigerator]1236987', 'passwordData', '>> vertify username and password', 99),
(981, '2013-02-22 12:00:16', 'End mode', '-', '[refrigerator]3214789[refrigerator]1236987', 'fail', '>> username and password incorrect', 99),
(982, '2013-02-22 12:00:21', 'Ready', '-', '-', 'Ready', '>> Ready!!!', 99),
(983, '2013-02-22 12:00:53', 'refrigerator', 'graphical_password', 'click', 'prompt_dialog', '>> Action: activate refrigerator(ID301) && Interaction: graphical password(pattern unlock)<br/>', 99),
(984, '2013-02-22 12:00:57', 'get user input', 'patternUnlock', '3214789', '-', '>> You pattern is 3214789', 99),
(985, '2013-02-22 12:01:00', 'get user input', 'patternUnlock', '3214789', '-', '>> You input is 3214789', 99),
(986, '2013-02-22 12:01:05', 'refrigerator', 'graphical_password', 'click', 'prompt_dialog', '>> Action: activate refrigerator(ID301) && Interaction: graphical password(pattern unlock)<br/>', 99),
(987, '2013-02-22 12:01:09', 'get user input', 'patternUnlock', '1236987', '-', '>> You pattern is 1236987', 99),
(988, '2013-02-22 12:01:12', 'get user input', 'patternUnlock', '1236987', '-', '>> You input is 1236987', 99),
(989, '2013-02-22 12:01:16', 'vertify', '-', '[refrigerator]3214789[refrigerator]1236987', 'passwordData', '>> vertify username and password', 99),
(990, '2013-02-22 12:01:17', 'End mode', '-', '[refrigerator]3214789[refrigerator]1236987', 'fail', '>> username and password incorrect', 99),
(991, '2013-02-22 12:01:22', 'Ready', '-', '-', 'Ready', '>> Ready!!!', 99),
(992, '2013-02-22 12:01:40', 'get user input', 'username', 'k', '-', '>> You input username is k', 99),
(993, '2013-02-22 12:01:45', 'refrigerator', 'graphical_password', 'click', 'prompt_dialog', '>> Action: activate refrigerator(ID347) && Interaction: graphical password(pattern unlock)<br/>', 99),
(994, '2013-02-22 12:02:12', 'Start mode', '-', '-', 'forgot password', '>> User click forgot password', 100),
(995, '2013-02-22 12:02:53', 'Ready', '-', '-', 'Ready', '>> Ready!!!', 100),
(996, '2013-02-22 12:03:18', 'Ready', '-', '-', 'Ready', '>> Ready!!!', 100),
(997, '2013-02-22 12:03:35', 'refrigerator', 'graphical_password', 'click', 'prompt_dialog', '>> Action: activate refrigerator(ID347) && Interaction: graphical password(pattern unlock)<br/>', 100),
(998, '2013-02-22 12:03:38', 'get user input', 'patternUnlock', '3', '-', '>> You pattern is 3', 100),
(999, '2013-02-22 12:03:41', 'get user input', 'patternUnlock', '3', '-', '>> You pattern is 3', 100),
(1000, '2013-02-22 12:03:44', 'refrigerator', 'graphical_password', 'click', 'prompt_dialog', '>> Action: activate refrigerator(ID347) && Interaction: graphical password(pattern unlock)<br/>', 100),
(1001, '2013-02-22 12:03:47', 'get user input', 'patternUnlock', '3214789', '-', '>> You pattern is 3214789', 100),
(1002, '2013-02-22 12:03:50', 'get user input', 'patternUnlock', '3214789', '-', '>> You input is 3214789', 100),
(1003, '2013-02-22 12:03:54', 'refrigerator', 'graphical_password', 'click', 'prompt_dialog', '>> Action: activate refrigerator(ID281) && Interaction: graphical password(pattern unlock)<br/>', 100),
(1004, '2013-02-22 12:03:57', 'get user input', 'patternUnlock', '1236987', '-', '>> You pattern is 1236987', 100),
(1005, '2013-02-22 12:04:00', 'get user input', 'patternUnlock', '1236987', '-', '>> You input is 1236987', 100),
(1006, '2013-02-22 12:04:03', 'click', '', 'next', '-', '>> saveing first password scenario', 100),
(1007, '2013-02-22 12:04:06', 'Ready', '-', '-', 'Ready', '>> Ready!!!', 100),
(1008, '2013-02-22 12:04:24', 'refrigerator', 'graphical_password', 'click', 'prompt_dialog', '>> Action: activate refrigerator(ID347) && Interaction: graphical password(pattern unlock)<br/>', 100),
(1009, '2013-02-22 12:04:29', 'get user input', 'patternUnlock', '3214789', '-', '>> You pattern is 3214789', 100),
(1010, '2013-02-22 12:04:33', 'get user input', 'patternUnlock', '3214789', '-', '>> You input is 3214789', 100),
(1011, '2013-02-22 12:04:36', 'refrigerator', 'graphical_password', 'click', 'prompt_dialog', '>> Action: activate refrigerator(ID347) && Interaction: graphical password(pattern unlock)<br/>', 100),
(1012, '2013-02-22 12:04:39', 'get user input', 'patternUnlock', '1236987', '-', '>> You pattern is 1236987', 100),
(1013, '2013-02-22 12:04:42', 'get user input', 'patternUnlock', '1236987', '-', '>> You input is 1236987', 100),
(1014, '2013-02-22 12:04:45', 'click', '', 'finish', '-', '>> finish', 100),
(1015, '2013-02-22 12:04:48', 'vertify', '-', '[refrigerator]3214789[refrigerator]1236987', 'passwordData', '>> vertify password', 100),
(1016, '2013-02-22 12:04:55', 'Ready', '-', '-', 'Ready', '>> Ready!!!', 101),
(1017, '2013-02-22 12:05:13', 'get user input', 'username', 'kwangwooaung', '-', '>> You input username is kwangwooaung', 101),
(1018, '2013-02-22 12:05:28', 'refrigerator', 'graphical_password', 'click', 'prompt_dialog', '>> Action: activate refrigerator(ID301) && Interaction: graphical password(pattern unlock)<br/>', 101),
(1019, '2013-02-22 12:05:31', 'get user input', 'patternUnlock', '3214789', '-', '>> You pattern is 3214789', 101),
(1020, '2013-02-22 12:05:34', 'get user input', 'patternUnlock', '3214789', '-', '>> You input is 3214789', 101),
(1021, '2013-02-22 12:05:37', 'refrigerator', 'graphical_password', 'click', 'prompt_dialog', '>> Action: activate refrigerator(ID301) && Interaction: graphical password(pattern unlock)<br/>', 101),
(1022, '2013-02-22 12:05:40', 'get user input', 'patternUnlock', '1263', '-', '>> You pattern is 1263', 101),
(1023, '2013-02-22 12:05:43', 'refrigerator', 'graphical_password', 'click', 'prompt_dialog', '>> Action: activate refrigerator(ID301) && Interaction: graphical password(pattern unlock)<br/>', 101),
(1024, '2013-02-22 12:05:46', 'get user input', 'patternUnlock', '1236987', '-', '>> You pattern is 1236987', 101),
(1025, '2013-02-22 12:05:49', 'get user input', 'patternUnlock', '1236987', '-', '>> You input is 1236987', 101),
(1026, '2013-02-22 12:05:53', 'vertify', '-', '[refrigerator]3214789[refrigerator]1236987', 'passwordData', '>> vertify username and password', 101),
(1027, '2013-02-22 12:05:55', 'End mode', '-', 'user', 'passwordSuccess', '>> redirect to user page', 101),
(1028, '2013-02-22 12:06:01', 'Ready', '-', '-', 'Ready', '>> Ready!!!', 102),
(1029, '2013-02-22 12:12:27', '-', 'load instruction page', '-', '-', '>> User read instruction', 104),
(1030, '2013-02-22 12:12:27', 'Start mode', '-', '-', 'registration', '>> User click registration', 103),
(1031, '2013-02-22 12:12:48', '-', 'load registation form page', '-', '-', '>> User fill information', 103),
(1032, '2013-02-22 12:14:30', 'Ready', '-', '-', 'Ready', '>> Ready!!!', 103),
(1033, '2013-02-22 12:14:58', 'computer', 'textual_password', 'click', 'prompt_dialog', '>> Action: activate computer(ID57)&& Interaction: texual password <br/>', 103),
(1034, '2013-02-22 12:15:07', 'get user input', 'textualPassword', 'klao', '-', '>> You input is klao', 103),
(1035, '2013-02-22 12:15:17', 'refrigerator', 'graphical_password', 'click', 'prompt_dialog', '>> Action: activate refrigerator(ID347) && Interaction: graphical password(pattern unlock)<br/>', 103),
(1036, '2013-02-22 12:15:22', 'get user input', 'patternUnlock', '12369', '-', '>> You pattern is 12369', 103),
(1037, '2013-02-22 12:15:25', 'get user input', 'patternUnlock', '12369', '-', '>> You input is 12369', 103),
(1038, '2013-02-22 12:15:28', 'click', '', 'next', '-', '>> saveing first password scenario', 103),
(1039, '2013-02-22 12:15:31', 'Ready', '-', '-', 'Ready', '>> Ready!!!', 103),
(1040, '2013-02-22 12:15:51', 'computer', 'textual_password', 'click', 'prompt_dialog', '>> Action: activate computer(ID57)&& Interaction: texual password <br/>', 103),
(1041, '2013-02-22 12:15:56', 'get user input', 'textualPassword', 'klao', '-', '>> You input is klao', 103),
(1042, '2013-02-22 12:16:05', 'refrigerator', 'graphical_password', 'click', 'prompt_dialog', '>> Action: activate refrigerator(ID347) && Interaction: graphical password(pattern unlock)<br/>', 103),
(1043, '2013-02-22 12:16:08', 'get user input', 'patternUnlock', '12369', '-', '>> You pattern is 12369', 103),
(1044, '2013-02-22 12:16:11', 'get user input', 'patternUnlock', '12369', '-', '>> You input is 12369', 103),
(1045, '2013-02-22 12:16:14', 'click', '', 'finish', '-', '>> finish', 103),
(1046, '2013-02-22 12:16:17', 'vertify', '-', '[computer]klao[refrigerator]12369', 'passwordData', '>> vertify password', 103),
(1047, '2013-02-22 12:16:23', 'Ready', '-', '-', 'Ready', '>> Ready!!!', 105),
(1048, '2013-02-22 12:16:46', 'get user input', 'username', 'klo', '-', '>> You input username is klo', 105),
(1049, '2013-02-22 12:16:49', 'get user input', 'username', 'klao', '-', '>> You input username is klao', 105),
(1050, '2013-02-22 12:16:55', 'computer', 'textual_password', 'click', 'prompt_dialog', '>> Action: activate computer(ID57)&& Interaction: texual password <br/>', 105),
(1051, '2013-02-22 12:16:59', 'get user input', 'textualPassword', 'klao', '-', '>> You input is klao', 105),
(1052, '2013-02-22 12:17:04', 'refrigerator', 'graphical_password', 'click', 'prompt_dialog', '>> Action: activate refrigerator(ID301) && Interaction: graphical password(pattern unlock)<br/>', 105),
(1053, '2013-02-22 12:17:07', 'get user input', 'patternUnlock', '12369', '-', '>> You pattern is 12369', 105),
(1054, '2013-02-22 12:17:10', 'get user input', 'patternUnlock', '12369', '-', '>> You input is 12369', 105),
(1055, '2013-02-22 12:17:14', 'vertify', '-', '[computer]klao[refrigerator]12369', 'passwordData', '>> vertify username and password', 105),
(1056, '2013-02-22 12:17:16', 'End mode', '-', 'user', 'passwordSuccess', '>> redirect to user page', 105),
(1057, '2013-02-22 12:17:23', 'Ready', '-', '-', 'Ready', '>> Ready!!!', 106),
(1058, '2013-02-22 12:17:53', 'Start mode', '-', '-', 'forgot password', '>> User click forgot password', 107),
(1059, '2013-02-22 12:18:12', 'Ready', '-', '-', 'Ready', '>> Ready!!!', 107),
(1060, '2013-02-22 12:18:40', 'television', 'graphical_password', 'click', 'prompt_dialog', '>> Action: activate television(ID38) && Interaction: graphical password(passpoint)<br/>', 107),
(1061, '2013-02-22 12:18:46', 'get user click', 'passPoint', '1_15', '-', '>> You click is 1_15', 107),
(1062, '2013-02-22 12:18:53', 'get user input', 'passPoint', '1_15', '-', '>> You input is 1_15', 107),
(1063, '2013-02-22 12:19:08', 'refrigerator', 'graphical_password', 'click', 'prompt_dialog', '>> Action: activate refrigerator(ID347) && Interaction: graphical password(pattern unlock)<br/>', 107),
(1064, '2013-02-22 12:19:13', 'get user input', 'patternUnlock', '14789', '-', '>> You pattern is 14789', 107),
(1065, '2013-02-22 12:19:16', 'get user input', 'patternUnlock', '14789', '-', '>> You input is 14789', 107),
(1066, '2013-02-22 12:19:19', 'click', '', 'next', '-', '>> saveing first password scenario', 107),
(1067, '2013-02-22 12:19:23', 'Ready', '-', '-', 'Ready', '>> Ready!!!', 107),
(1068, '2013-02-22 12:19:41', 'television', 'graphical_password', 'click', 'prompt_dialog', '>> Action: activate television(ID38) && Interaction: graphical password(passpoint)<br/>', 107),
(1069, '2013-02-22 12:19:44', 'get user click', 'passPoint', '1_15', '-', '>> You click is 1_15', 107),
(1070, '2013-02-22 12:19:47', 'get user input', 'passPoint', '1_15', '-', '>> You input is 1_15', 107),
(1071, '2013-02-22 12:19:55', 'refrigerator', 'graphical_password', 'click', 'prompt_dialog', '>> Action: activate refrigerator(ID347) && Interaction: graphical password(pattern unlock)<br/>', 107),
(1072, '2013-02-22 12:19:58', 'get user input', 'patternUnlock', '14789', '-', '>> You pattern is 14789', 107),
(1073, '2013-02-22 12:20:01', 'get user input', 'patternUnlock', '14789', '-', '>> You input is 14789', 107),
(1074, '2013-02-22 12:20:04', 'click', '', 'finish', '-', '>> finish', 107),
(1075, '2013-02-22 12:20:07', 'vertify', '-', '[television]1_15[refrigerator]14789', 'passwordData', '>> vertify password', 107),
(1076, '2013-02-22 12:20:14', 'Ready', '-', '-', 'Ready', '>> Ready!!!', 108),
(1077, '2013-02-22 12:20:34', 'get user input', 'username', 'klao', '-', '>> You input username is klao', 108),
(1078, '2013-02-22 12:20:37', 'television', 'graphical_password', 'click', 'prompt_dialog', '>> Action: activate television(ID38) && Interaction: graphical password(passpoint)<br/>', 108),
(1079, '2013-02-22 12:20:40', 'get user click', 'passPoint', '1_15', '-', '>> You click is 1_15', 108),
(1080, '2013-02-22 12:20:43', 'get user input', 'passPoint', '1_15', '-', '>> You input is 1_15', 108),
(1081, '2013-02-22 12:20:50', 'refrigerator', 'graphical_password', 'click', 'prompt_dialog', '>> Action: activate refrigerator(ID301) && Interaction: graphical password(pattern unlock)<br/>', 108),
(1082, '2013-02-22 12:20:53', 'get user input', 'patternUnlock', '14789', '-', '>> You pattern is 14789', 108),
(1083, '2013-02-22 12:20:56', 'get user input', 'patternUnlock', '14789', '-', '>> You input is 14789', 108),
(1084, '2013-02-22 12:21:00', 'vertify', '-', '[television]1_15[refrigerator]14789', 'passwordData', '>> vertify username and password', 108),
(1085, '2013-02-22 12:21:02', 'End mode', '-', 'user', 'passwordSuccess', '>> redirect to user page', 108),
(1086, '2013-02-22 12:21:12', 'Ready', '-', '-', 'Ready', '>> Ready!!!', 109),
(1087, '2013-02-24 04:09:29', 'Ready', '-', '-', 'Ready', '>> Ready!!!', 110),
(1088, '2013-02-24 04:09:46', 'Start mode', '-', '-', 'registration', '>> User click registration', 110),
(1089, '2013-02-24 04:09:49', '-', 'load instruction page', '-', '-', '>> User read instruction', 111),
(1090, '2013-02-24 04:09:52', '-', 'load registation form page', '-', '-', '>> User fill information', 111),
(1091, '2013-02-24 04:10:18', 'Ready', '-', '-', 'Ready', '>> Ready!!!', 111),
(1092, '2013-02-24 04:10:40', 'picture of SWU', 'graphical_password', 'click', 'prompt_dialog', '>> Action: activate picture of SWU(ID23) && Interaction: graphical password(passpoint)<br/>', 111),
(1093, '2013-02-24 20:13:11', 'Ready', '-', '-', 'Ready', '>> Ready!!!', 112),
(1094, '2013-02-25 08:19:57', 'Ready', '-', '-', 'Ready', '>> Ready!!!', 113),
(1095, '2013-02-25 08:20:16', 'get user input', 'username', 'adminping', '-', '>> You input username is adminping', 113),
(1096, '2013-02-25 08:20:19', 'refrigerator', 'graphical_password', 'click', 'prompt_dialog', '>> Action: activate refrigerator(ID347) && Interaction: graphical password(pattern unlock)<br/>', 113),
(1097, '2013-02-25 08:20:22', 'get user input', 'patternUnlock', '14789', '-', '>> You pattern is 14789', 113),
(1098, '2013-02-25 08:20:30', 'get user input', 'patternUnlock', '14789', '-', '>> You pattern is 14789', 113),
(1099, '2013-02-25 08:20:33', 'get user input', 'patternUnlock', '14789', '-', '>> You input is 14789', 113),
(1100, '2013-02-25 08:20:36', 'picture of SWU', 'graphical_password', 'click', 'prompt_dialog', '>> Action: activate picture of SWU(ID23) && Interaction: graphical password(passpoint)<br/>', 113),
(1101, '2013-02-25 08:20:39', 'get user click', 'passPoint', '7_1', '-', '>> You click is 7_1', 113),
(1102, '2013-02-25 08:20:42', 'get user input', 'passPoint', '7_1', '-', '>> You input is 7_1', 113),
(1103, '2013-02-25 08:20:46', 'vertify', '-', '[refrigerator]14789[pictureOfSWU]7_1', 'passwordData', '>> vertify username and password', 113),
(1104, '2013-02-25 08:20:48', 'End mode', '-', 'admin', 'passwordSuccess', '>> redirect to admin page', 113),
(1105, '2013-02-25 09:11:33', 'Ready', '-', '-', 'Ready', '>> Ready!!!', 114);

-- --------------------------------------------------------

--
-- Table structure for table `tbl_logheader`
--

CREATE TABLE IF NOT EXISTS `tbl_logheader` (
  `logH_id` smallint(5) NOT NULL AUTO_INCREMENT,
  `logH_ip` varchar(15) COLLATE utf8mb4_unicode_ci NOT NULL,
  `logH_session` varchar(35) COLLATE utf8mb4_unicode_ci NOT NULL,
  `logH_mode` varchar(60) COLLATE utf8mb4_unicode_ci NOT NULL,
  `logH_datetime` datetime NOT NULL,
  `member_id` smallint(5) NOT NULL,
  PRIMARY KEY (`logH_id`)
) ENGINE=InnoDB  DEFAULT CHARSET=utf8mb4 COLLATE=utf8mb4_unicode_ci AUTO_INCREMENT=115 ;

--
-- Dumping data for table `tbl_logheader`
--

INSERT INTO `tbl_logheader` (`logH_id`, `logH_ip`, `logH_session`, `logH_mode`, `logH_datetime`, `member_id`) VALUES
(1, '192.168.1.3', 'ck4rutnb1qe0l1donccpr0bcp6', '', '2013-02-21 19:57:18', 0),
(2, '192.168.1.3', 'pmc3ua251r7fklh4s6q1f5pv57', 'registration', '2013-02-21 19:57:34', 1),
(3, '124.120.2.155', 'an11ao25budj7hq9j3pblpd6a4', '', '2013-02-21 19:59:29', 0),
(4, '192.168.1.3', 'lf2ta8772f4bdkjnppr6l1nh85', '', '2013-02-21 19:59:43', 0),
(5, '192.168.1.3', '591jlsdeqbttaba7461iiib4f6', 'authentication', '2013-02-21 20:00:24', 1),
(6, '192.168.1.3', 'csbp8nnponqmffhbh36sl73da0', 'authentication', '2013-02-21 20:01:29', 1),
(7, '192.168.1.3', 'tph36os0ld5jd4iard0si45hs6', '', '2013-02-21 20:02:57', 0),
(9, '127.0.0.1', 'k1ll1egc5jlql3u4gfnn6tc6j7', '', '2013-02-21 20:18:38', 0),
(10, '127.0.0.1', '2mh4jqkljm6qgp44u10hu95ba1', 'registration', '2013-02-21 20:18:56', 2),
(11, '127.0.0.1', 'kdji9udsr45jc00g9a3qmjdvr0', 'authentication', '2013-02-21 20:21:57', 2),
(12, '127.0.0.1', '8l9nn8omnb1h9kf6k3qvc8ega3', '', '2013-02-21 20:23:15', 0),
(13, '127.0.0.1', 'giiutritg4abhiaqap4q2d4902', 'forgot password', '2013-02-21 20:24:00', 2),
(14, '127.0.0.1', 'ids9rg77bs456nij19djovpvu5', 'authentication', '2013-02-21 20:25:25', 2),
(15, '127.0.0.1', 'p9tj26tn378i3d81k3bvoqe7u1', '', '2013-02-21 20:28:21', 0),
(16, '124.120.2.155', 'tervm7qts3qu8opkhhegn7ci21', 'registration', '2013-02-21 20:28:59', 3),
(17, '124.120.2.155', '4bfrl0n36de023322jspnmocl4', 'authentication', '2013-02-21 20:32:08', 3),
(18, '124.120.2.155', 'hkfijk7nkodb58b5a4dhbairh1', '', '2013-02-21 20:33:41', 0),
(19, '124.120.2.155', 'a8k4hli2588vmetjp839hbluu7', 'forgot password', '2013-02-21 20:34:02', 3),
(22, '124.120.2.155', 'p9tj26tn378i3d81k3bvoqe7u1', 'authentication', '2013-02-21 20:57:00', 3),
(23, '124.120.2.155', 'opdr34u5qh2i7mkpe71rprp9r6', '', '2013-02-21 21:06:54', 0),
(24, '10.1.144.234', 'otstrtadsn5i4r6ld3tb3pc332', '', '2013-02-22 08:31:15', 0),
(25, '10.1.144.234', 'ig5u9bo80dg2nq9s2m4og0upa1', 'registration', '2013-02-22 08:32:32', 4),
(26, '10.1.144.234', '149o55215jtugpk0asufkh3pi6', 'authentication', '2013-02-22 08:34:59', 4),
(27, '10.1.144.125', '7lj04onhu5dbmcm5b6mr8159b6', '', '2013-02-22 08:35:09', 0),
(28, '10.1.144.234', 'hvp65hlmvbvlurjohbnggfqc01', '', '2013-02-22 08:36:29', 0),
(29, '10.1.144.234', 'crj2ftd0mgcambj3m5174vqcv4', 'forgot password', '2013-02-22 08:37:18', 4),
(30, '10.1.144.234', 'ekpj8p2vvbpedajojqjmcfkgl2', 'authentication', '2013-02-22 08:39:10', 4),
(31, '10.1.144.234', 'lp8f7upbme10ai88770lj5k1p1', '', '2013-02-22 08:41:13', 0),
(32, '10.1.144.125', 't3gfpk7k68lq9eeofm8kdsj7a7', '', '2013-02-22 09:58:31', 0),
(33, '10.1.144.125', 'q9tqebvqmmkslpa9nbc2esbrk1', '', '2013-02-22 09:58:53', 0),
(34, '10.1.144.125', '3f0gcnireh181i48mg8048sn51', '', '2013-02-22 10:03:41', 0),
(35, '10.1.144.125', '2rshjl51hagk3pqm89m1qo7560', 'registration', '2013-02-22 10:04:09', 5),
(36, '10.1.144.125', '2hbss076oelaui2da7nh2v6op3', '', '2013-02-22 10:08:09', 0),
(37, '10.1.144.125', '1nr9juaells929m1bs1dab8c51', 'authentication', '2013-02-22 10:12:14', 5),
(38, '10.1.144.125', '5j00ql2n3bditk7ap4fekeb7m2', '', '2013-02-22 10:13:27', 0),
(39, '10.1.144.125', '17lkv8bt9se4rg1vbc0butjvd2', 'forgot password', '2013-02-22 10:14:22', 5),
(40, '10.1.144.125', 'gid43b89cl60lru5tm0dnri1q3', 'authentication', '2013-02-22 10:16:16', 5),
(41, '10.1.144.125', '6p0tg2khcfft6hagjfgsg9khk0', '', '2013-02-22 10:17:09', 0),
(42, '10.1.134.84', 'hnjf9shrs5t8fad0u958f7e9s6', '', '2013-02-22 10:35:51', 0),
(43, '10.1.134.84', '48s6552bdpmpu54g5f691h2us3', 'registration', '2013-02-22 10:36:29', 6),
(44, '10.1.134.84', 'glj1u7fo6hput14ebdtfpod431', 'authentication', '2013-02-22 10:39:28', 6),
(45, '10.1.134.84', 'qklkv4toh50qige8bkv5cvfmh2', '', '2013-02-22 10:40:40', 0),
(46, '10.1.134.84', '53i0n08bfc22335ubfmjc5u1v7', 'forgot password', '2013-02-22 10:41:57', 6),
(47, '10.1.134.84', '9tg3k9c2hemai805h3vckqhh31', 'authentication', '2013-02-22 10:43:56', 6),
(48, '10.1.134.84', 'efqug9nm0orfemrh6fvvpbv7c3', '', '2013-02-22 10:45:08', 0),
(49, '10.1.134.84', 'on9oihvnu466bqthkb8r2eejm7', '', '2013-02-22 11:23:25', 0),
(50, '10.1.134.84', 'ob80j9qnch721qdl55sv49qta1', 'registration', '2013-02-22 11:23:51', 7),
(51, '10.1.134.136', 'jchcllrq7118lf5r731s1hrpl4', '', '2013-02-22 11:24:01', 0),
(52, '10.1.134.136', '7i8983nf4mvl9e4igeouhlc2v7', 'registration', '2013-02-22 11:24:17', 8),
(53, '10.1.134.84', 'rev24tuifr4bkv7acqokhbglr1', 'authentication', '2013-02-22 11:27:01', 7),
(54, '10.1.134.136', '76ind00438brgumiqfjceddlj2', 'authentication', '2013-02-22 11:27:10', 8),
(55, '10.1.134.136', 'geams9rv5geunn6qka29scs1v7', '', '2013-02-22 11:28:02', 0),
(56, '10.1.134.84', 'ru67ocl7aqv4d0lt06u2b7u8j4', '', '2013-02-22 11:28:34', 0),
(57, '10.1.134.136', '9qvcob45md02nlbg7e6vu24l34', 'forgot password', '2013-02-22 11:28:44', 8),
(58, '10.1.134.84', '0pa1siiba5142mi93ceukalag0', 'forgot password', '2013-02-22 11:29:32', 7),
(59, '10.1.134.136', 'ng0ds7t98qvi6r812a6phtro21', 'authentication', '2013-02-22 11:29:53', 8),
(60, '10.1.134.136', 'j57b1bjlo8gjbsqmr4gtd971r1', '', '2013-02-22 11:30:41', 0),
(61, '10.1.134.84', '06kpu249748ec88u73imsb6651', 'authentication', '2013-02-22 11:32:11', 7),
(62, '10.1.134.84', 'qsgsnm9gun7u34q5dg1igak2p4', '', '2013-02-22 11:33:34', 0),
(63, '10.1.134.84', '6jubq25bclo7mlcog11pg0p505', '', '2013-02-22 11:54:55', 0),
(64, '10.1.144.125', 'u36n20kjtvn3qoiibded54ho24', '', '2013-02-22 15:21:42', 0),
(65, '10.1.144.125', 'f33j7ut06a3u4ek2qinns07kp6', 'registration', '2013-02-22 15:22:30', 9),
(66, '10.1.144.125', 'ckprma3js095p48b1tq8mjj3b1', 'authentication', '2013-02-22 15:25:53', 9),
(67, '10.1.144.125', 'vq7k601hbldr6lmo5c047i2rb3', '', '2013-02-22 15:27:09', 0),
(68, '10.1.144.125', '4gb95kjg6d7dmaptbl3u3sqnr6', 'forgot password', '2013-02-22 15:27:50', 9),
(69, '10.1.144.125', 'pd3kn68ostb03s7csalcgg04d4', 'authentication', '2013-02-22 15:33:04', 9),
(70, '10.1.144.125', 'i9qsetko6so8fj3op86ur79ig4', '', '2013-02-22 15:34:15', 0),
(71, '::1', 'h2ipbrtg8tq3og8igneenneqn1', '', '2013-02-22 15:35:52', 0),
(72, '::1', 'bo153hsnf12m0nk35gq33halk4', 'registration', '2013-02-22 15:36:10', 10),
(73, '::1', 'l4o16k7mnobn2htvu6a86s9gj7', 'authentication', '2013-02-22 15:39:12', 10),
(74, '::1', 'seeme6naud2ftp692ei814akl2', '', '2013-02-22 15:40:08', 0),
(75, '::1', '4hsjufjpr6r4kofbfgv4rt83d1', 'forgot password', '2013-02-22 15:40:46', 10),
(76, '::1', 'qsbh6mfiqni4g3gu719levl7r2', 'authentication', '2013-02-22 15:42:18', 10),
(77, '::1', 'rj7iusms1nom59h8b8sqjgv575', '', '2013-02-22 15:43:16', 0),
(78, '127.0.0.1', '52knbq83n0i592gluc1735jaf4', '', '2013-02-22 15:46:21', 0),
(79, '127.0.0.1', 'csa3r6op5on46sl5eppi15r3b3', 'registration', '2013-02-22 15:46:39', 11),
(80, '127.0.0.1', '1b1t38oja7rua4aus7fjlrnsf0', 'authentication', '2013-02-22 15:49:19', 11),
(81, '127.0.0.1', 'lgdrth7hepk1cgit9tccu4q3p1', '', '2013-02-22 15:50:12', 0),
(82, '127.0.0.1', 'tf54vtam47ka6e6akb6c67s6a0', 'forgot password', '2013-02-22 15:50:47', 11),
(83, '127.0.0.1', '2g6bp4to56t22m5cmpns746rf4', 'authentication', '2013-02-22 15:54:22', 11),
(84, '127.0.0.1', 'ucbblpj18c98ug132vrv05ehu3', '', '2013-02-22 15:57:00', 0),
(85, '10.1.144.125', '283qll1oh0i5s90udcktmov937', '', '2013-02-22 15:58:55', 0),
(86, '10.1.144.125', 'dcbk7b9n8cahgqt01229dfgg53', 'registration', '2013-02-22 16:00:38', 12),
(87, '10.1.144.125', 'mk96onpospkpdjfsa2o6vqag67', 'authentication', '2013-02-22 16:06:36', 12),
(88, '10.1.144.125', '01dldgbhcbj6jmv8qnbocurhs3', '', '2013-02-22 16:07:42', 0),
(89, '10.1.144.125', 'loehnvapnaon15pkd61s9vq3d1', 'forgot password', '2013-02-22 16:08:33', 12),
(90, '10.1.144.125', 'q92rkk38ki5q2hhtovttd3u4k5', 'authentication', '2013-02-22 16:10:40', 12),
(91, '10.1.144.125', 'c77dnogl06jp6vc5ator343nu5', '', '2013-02-22 16:11:46', 0),
(92, '10.5.21.221', '4kl7bga55621gbt5huhek0k7g2', '', '2013-02-22 18:30:30', 0),
(93, '10.5.21.221', 'iel5fc1n1bpr7m1oquibags175', 'registration', '2013-02-22 18:32:02', 13),
(94, '10.5.21.221', 'ufuliggg51r3mafjk9nnjq57f3', 'authentication', '2013-02-22 18:34:53', 13),
(95, '10.5.21.221', '27qs4gpj48f6edf7bpn2u825u1', '', '2013-02-22 18:37:41', 0),
(96, '10.5.21.221', 'l4ve2t18vufg0m9qrnvubmrkm5', '', '2013-02-22 18:38:38', 0),
(97, '10.5.21.221', '72m87ops3av8tbp6fareshuls4', '', '2013-02-22 18:55:00', 0),
(98, '10.5.21.221', '3828de1a6osqur5b0p4j6c8q04', 'forgot password', '2013-02-22 18:55:18', 0),
(99, '10.5.21.221', 'gjlf17g0of19jrs0jck9mfi3u4', '', '2013-02-22 18:59:21', 0),
(100, '10.5.21.221', 'rrvcalh9fif6f8r3b4q58j2fj5', 'forgot password', '2013-02-22 19:02:11', 13),
(101, '10.5.21.221', 'f9k10pkm750ebmsagg8c4u04q4', 'authentication', '2013-02-22 19:04:54', 13),
(102, '10.5.21.221', 'jvqj8vctgvov7l7u2l4k22red4', '', '2013-02-22 19:06:00', 0),
(103, '10.5.21.221', '4c14t53amogob9hhg03cnnvol7', 'registration', '2013-02-22 19:12:26', 14),
(104, '10.5.21.221', '2i5klap7hudtp0p744t64mmnr3', '', '2013-02-22 19:12:26', 0),
(105, '10.5.21.221', 'okvl1r5j8asintbmsh8l27ldk5', 'authentication', '2013-02-22 19:16:22', 14),
(106, '10.5.21.221', 'fne4gqfa2da0stacaf9v221eu3', '', '2013-02-22 19:17:22', 0),
(107, '10.5.21.221', '02bug93ce8abounpiugbrqtfs4', 'forgot password', '2013-02-22 19:17:52', 14),
(108, '10.5.21.221', 'hro46deva8aorhqdh2kp2hc2v3', 'authentication', '2013-02-22 19:20:13', 14),
(109, '10.5.21.221', 'l10k0cp3rdohuc3u3ectj1jqo4', '', '2013-02-22 19:21:11', 0),
(110, '192.168.1.3', 'matqk7fqn8vo5bqalc6ubiq3n2', '', '2013-02-24 11:09:28', 0),
(111, '192.168.1.3', '6b6l4t4fpn9mke2bb1q867c3i2', '', '2013-02-24 11:09:48', 0),
(112, '171.99.87.121', 'iq0oi0cvgtn2spk1e7nisa15m5', '', '2013-02-25 03:13:10', 0),
(113, '127.0.0.1', 'qtf0jj7iuaj8to7p6fjb5qqu94', 'authentication', '2013-02-25 15:19:56', 1),
(114, '127.0.0.1', 'oa54bho5q0qbvqfslr7amjgbd6', '', '2013-02-25 16:11:32', 0);

-- --------------------------------------------------------

--
-- Table structure for table `tbl_member`
--

CREATE TABLE IF NOT EXISTS `tbl_member` (
  `member_id` smallint(5) NOT NULL AUTO_INCREMENT,
  `member_firstname` varchar(60) COLLATE utf8_unicode_ci NOT NULL,
  `member_lastname` varchar(60) COLLATE utf8_unicode_ci NOT NULL,
  `member_phone` varchar(10) COLLATE utf8_unicode_ci NOT NULL,
  `member_email` varchar(60) COLLATE utf8_unicode_ci NOT NULL,
  `member_login` varchar(20) COLLATE utf8_unicode_ci NOT NULL,
  `member_pwd` varchar(255) COLLATE utf8_unicode_ci NOT NULL,
  `member_role` varchar(60) COLLATE utf8_unicode_ci NOT NULL DEFAULT 'user',
  PRIMARY KEY (`member_id`),
  UNIQUE KEY `member_id` (`member_id`),
  KEY `member_id_2` (`member_id`)
) ENGINE=InnoDB  DEFAULT CHARSET=utf8 COLLATE=utf8_unicode_ci AUTO_INCREMENT=15 ;

--
-- Dumping data for table `tbl_member`
--

INSERT INTO `tbl_member` (`member_id`, `member_firstname`, `member_lastname`, `member_phone`, `member_email`, `member_login`, `member_pwd`, `member_role`) VALUES
(1, 'Chatri', 'Ngambenchawong', '823324239', 'pingkunga@gmail.com', 'admin', '3b0937b23b5a40a1c3404355a31eb3ea8289f096', 'admin'),
(2, 'Aunthisa', 'Luangsiritanya', '832954824', 'keroro_noo@hotmail.com', 'nunoo', '1a421832788e62e5afe8ab6ec2c62a4583bf6fbf', 'admin'),
(3, 'sudarat', 'chattanon', '876053919', 'gatukgl@gmail.com', 'gatukgl', 'b98461297592dc793c0fa63d0acb1a79d0ebb81b', 'admin'),
(4, 'anon', 'ngamvitiwon', '874270484', 'greenista@hotmail.com', 'greenista', 'ac9b3390bdf747635cf50f12129de9c02bf45fa2', 'user'),
(5, 'chaiyawat', 'Jirapongpattana', '895555555', 'images_words@hotmail.com', 'pongpp', 'a22d5cda8bc97b8e13f69e1ead2ec971e24050d0', 'user'),
(6, 'kaewta', 'mungkung', '869054610', 'k_piglet@hotmail.com', 'chickii', '624155793c5443bd18b41e38d5d58772ac9ecb97', 'user'),
(7, 'wanida', 'saetang', '805589153', 'tuk-ka-ta_baby@hotmail.com', 'tuktaa21', 'e9079a3397e3f5c57cf77c88cac763f49e52f5c8', 'user'),
(8, 'Chanakan', 'Pornnitisuk', '875679200', 'microt_bow@hotmail.com', 'ribbonbow', 'e9bd54d1cffd6b4c5f70461cbc550b3c46991621', 'user'),
(9, 'fah', 'fha', '1112', 'fah_htk@hotmail.com', 'fahfha', '59d5148c0e1e2020eb550978c5f5c887aa0c30b1', 'user'),
(10, 'yutiwich', 'panthongprasert', '84', 'tonkla_swu9@hotmail.com', 'ka-kla', '1637b874e5cdb381d9335b10133443497134aba3', 'user'),
(11, 'attichart', 'satproedpri', '852234432', 'bank@hotmail.com', 'bank', '9bc2bc670a8ff99749a9dbd1bf0dbb54204a8665', 'user'),
(12, 'Nanthisa', 'Boonchoom', '812345678', 'a@mail.com', 'nanthisa', '4e838c34cec0343bc6a6ca2b6ae1eca78d93ee1c', 'user'),
(13, 'Hathairat', 'Khunratchatapairoj', '824553423', 'kwangplay2@gmail.com', 'kwangwooaung', '5ebc671626528ba7bfeb06194321bbf2bff6a5a4', 'admin'),
(14, 'warat', 'wasboonma', '868205732', 'klao@swu.com', 'klao', 'aa25f5af7266aeb6770bc87e7e0742baa445e867', 'user');

-- --------------------------------------------------------

--
-- Table structure for table `test_login`
--

CREATE TABLE IF NOT EXISTS `test_login` (
  `u_name` varchar(20) COLLATE utf8mb4_unicode_ci NOT NULL,
  `p_word` varchar(256) COLLATE utf8mb4_unicode_ci NOT NULL
) ENGINE=InnoDB DEFAULT CHARSET=utf8mb4 COLLATE=utf8mb4_unicode_ci;

/*!40101 SET CHARACTER_SET_CLIENT=@OLD_CHARACTER_SET_CLIENT */;
/*!40101 SET CHARACTER_SET_RESULTS=@OLD_CHARACTER_SET_RESULTS */;
/*!40101 SET COLLATION_CONNECTION=@OLD_COLLATION_CONNECTION */;
